,gender,age,province ,marital_status,employability_status,monthly_income,Output
0,Female,18 - 25,Southern,Single,Dependant,0,2000
1,Female,18 - 25,Southern,Single,Indep,30000,2000
2,Female,26 - 30,Southern,Married,Indep,68000,10000
3,Male,31 - 40,Southern,Married,Indep,70000,0
4,Female,18 - 25,Western,Single,Indep,15000,6000
5,Female,26 - 30,Southern,Single,Indep,100000,10000
6,Male,18 - 25,Southern,Single,Indep,100000,10000
7,Female,26 - 30,Western,Single,Indep,30000,15000
8,Female,26 - 30,Western,Married,Indep,60000,4000
9,Female,18 - 25,Western,Single,Dependant,0,1500
10,Female,26 - 30,Uva,Married,Indep,69000,3000
11,Male,18 - 25,Western,Single,Dependant,0,8000
12,Female,18 - 25,Southern,Single,Dependant,0,10000
13,Female,26 - 30,Western,Single,Indep,70000,5000
14,Female,18 - 25,Western,Single,Dependant,0,5000
15,Female,18 - 25,Southern,Single,Dependant,0,5000
16,Female,18 - 25,Western,Single,Dependant,0,5000
17,Female,18 - 25,Southern,Single,Dependant,0,0
18,Female,18 - 25,Southern,Single,Dependant,0,4000
19,Female,18 - 25,Southern,Single,Indep,130000,10000
20,Female,18 - 25,Southern,Single,Dependant,0,5000
21,Female,18 - 25,Southern,Single,Indep,30000,10000
22,Female,26 - 30,North Western,Single,Dependant,0,4000
23,Female,26 - 30,Western,Single,Indep,70000,3000
24,Female,18 - 25,Western,Married,Indep,150000,15000
25,Female,18 - 25,Southern,Single,Dependant,0,2000
26,Male,18 - 25,Western,Single,Dependant,0,10000
27,Male,18 - 25,Western,Single,Indep,80000,5000
28,Female,18 - 25,Southern,Single,Dependant,0,10000
29,Male,18 - 25,Western,Single,Dependant,0,10000
30,Male,18 - 25,Western,Single,Indep,100000,10000
31,Female,18 - 25,Western,Single,Dependant,0,5000
32,Female,18 - 25,Southern,Single,Indep,40000,5000
33,Male,18 - 25,Western,Single,Dependant,0,3000
34,Female,26 - 30,Western,Single,Indep,35000,10000
35,Female,18 - 25,Western,Single,Indep,30000,5000
36,Female,26 - 30,Western,Single,Indep,30000,3000
37,Female,26 - 30,Western,Single,Indep,30000,2000
38,Female,18 - 25,Western,Single,Indep,32000,0
39,Male,18 - 25,Western,Single,Indep,30000,0
40,Female,18 - 25,Western,Single,Indep,150000,10000
41,Male,18 - 25,Western,Single,Indep,20000,1500
42,Female,26 - 30,Western,Single,Dependant,0,10000
43,Male,18 - 25,Western,Single,Dependant,0,2000
44,Male,18 - 25,Western,Single,Indep,50000,15000
45,Female,18 - 25,Southern,Single,Dependant,0,6000
46,Female,18 - 25,Central,Single,Dependant,0,6000
47,Female,18 - 25,Western,Single,Indep,25000,1000
48,Male,18 - 25,Western,Single,Dependant,0,5000
49,Male,18 - 25,Western,Single,Dependant,0,0
50,Male,26 - 30,Western,Single,Indep,120000,3000
51,Male,18 - 25,Western,Single,Indep,20000,10000
52,Male,18 - 25,Southern,Single,Dependant,0,2000
53,Female,18 - 25,Western,Single,Dependant,0,20000
54,Female,18 - 25,Southern,Single,Indep,10000,1000
55,Female,18 - 25,Central,Single,Dependant,0,5000
56,Female,18 - 25,North Western,Single,Indep,50000,10000
57,Male,18 - 25,Sabaragamuwa,Single,Indep,40000,5000
58,Male,18 - 25,Southern,Single,Dependant,0,5000
59,Female,18 - 25,Southern,Single,Dependant,0,4000
60,Female,18 - 25,Southern,Single,Indep,27000,6000
61,Female,18 - 25,Southern,Single,Dependant,0,2000
62,Male,18 - 25,Western,Single,Indep,20000,2000
63,Female,18 - 25,Sabaragamuwa,Single,Indep,150000,12000
64,Male,18 - 25,Western,Single,Indep,15000,5000
65,Female,18 - 25,Southern,Single,Dependant,0,5000
66,Female,18 - 25,Central,Single,Indep,200000,75000
67,Female,18 - 25,Southern,Single,Dependant,0,5000
68,Female,18 - 25,Western,Single,Indep,34000,5000
69,Female,26 - 30,Southern,Single,Indep,25000,5000
70,Male,18 - 25,Western,Single,Dependant,0,15000
71,Male,18 - 25,Sabaragamuwa,Married,Indep,200000,1500
72,Male,26 - 30,Southern,Single,Indep,330000,10000
73,Male,26 - 30,Western,Married,Indep,100000,7500
74,Male,26 - 30,Western,Single,Indep,170000,5000
75,Male,18 - 25,Western,Single,Indep,40000,0
76,Male,26 - 30,Southern,Married,Indep,60000,4000
77,Male,26 - 30,Southern,Single,Indep,550000,10000
78,Male,26 - 30,Southern,Married,Indep,105000,10000
79,Male,26 - 30,Southern,Single,Indep,600000,30000
80,Male,18 - 25,Western,Single,Indep,45000,0
81,Male,26 - 30,Southern,Single,Indep,400000,10000
82,Female,18 - 25,Southern,Single,Dependant,0,6000
83,Male,18 - 25,Western,Single,Indep,20000,0
84,Female,18 - 25,Southern,Single,Dependant,0,2000
85,Male,18 - 25,Western,Single,Dependant,0,10000
86,Male,26 - 30,Sabaragamuwa,Single,Indep,45000,0
87,Female,Below 18,Eastern,Single,Dependant,0,2000
88,Male,Below 18,Southern,Single,Dependant,0,0
89,Male,Below 18,Western,Single,Dependant,0,0
90,Female,18 - 25,Southern,Single,Dependant,0,20000
91,Female,26 - 30,Western,Single,Dependant,0,3000
92,Female,18 - 25,Southern,Single,Indep,30000,5000
93,Female,18 - 25,Southern,Single,Indep,15000,6000
94,Female,18 - 25,Southern,Single,Indep,30000,2000
95,Female,18 - 25,Central,Married,Dependant,0,5000
96,Female,18 - 25,Central,Single,Dependant,0,3000
97,Female,18 - 25,Western,Single,Dependant,0,1000
98,Female,18 - 25,Western,Single,Dependant,0,20000
99,Male,31 - 40,Southern,Single,Indep,120000,10000
100,Female,18 - 25,Central,Married,Indep,90000,25000
101,Female,18 - 25,Western,Single,Indep,35000,9000
102,Male,18 - 25,Western,Single,Indep,50000,5000
103,Female,18 - 25,Southern,Single,Dependant,0,2500
104,Female,18 - 25,Western,Single,Dependant,0,1500
105,Female,18 - 25,Southern,Single,Indep,30000,0
106,Female,18 - 25,Western,Single,Dependant,0,30000
107,Female,18 - 25,Southern,Single,Indep,22000,5000
108,Female,18 - 25,Southern,Single,Indep,50000,5000
109,Female,26 - 30,North Western,Single,Indep,140000,10000
110,Female,26 - 30,Southern,Single,Dependant,0,20000
111,Female,26 - 30,Southern,Single,Indep,60000,5000
112,Female,26 - 30,Southern,Single,Dependant,0,6000
113,Female,31 - 40,North Central,Single,Indep,55000,5000
114,Female,31 - 40,North Central,Single,Indep,50000,4000
115,Female,31 - 40,North Central,Single,Indep,67000,5000
116,Female,31 - 40,Central,Married,Indep,67000,4000
117,Female,31 - 40,Western,Married,Indep,48000,3000
118,Female,31 - 40,Western,Married,Indep,50000,5000
119,Female,31 - 40,Western,Married,Indep,90000,5000
120,Female,31 - 40,Western,Married,Indep,100000,10000
121,Female,31 - 40,Eastern,Married,Indep,60000,3000
122,Female,31 - 40,Eastern,Married,Indep,55000,2000
123,Female,18 - 25,Eastern,Single,Indep,30000,2000
124,Female,18 - 25,Eastern,Single,Indep,35000,2000
125,Female,18 - 25,Uva,Single,Indep,25000,2000
126,Female,18 - 25,Uva,Single,Indep,30000,1500
127,Female,18 - 25,Uva,Single,Indep,15000,1500
128,Female,18 - 25,Uva,Single,Indep,15000,1000
129,Female,18 - 25,North Western,Single,Indep,20000,3000
130,Female,18 - 25,North Western,Single,Indep,45000,3500
131,Female,18 - 25,Southern,Single,Indep,41000,4000
132,Female,18 - 25,Southern,Single,Indep,25000,2500
133,Female,18 - 25,Southern,Single,Indep,38000,3000
134,Female,18 - 25,Southern,Single,Indep,28000,2000
135,Female,18 - 25,Southern,Single,Indep,35000,2500
136,Female,18 - 25,Central,Single,Indep,85000,6000
137,Female,18 - 25,Central,Single,Indep,65000,3500
138,Female,18 - 25,North Central,Single,Indep,28000,2000
139,Female,18 - 25,North Central,Single,Indep,30000,2500
140,Female,18 - 25,North Central,Single,Indep,30000,2500
141,Female,18 - 25,Nothern,Single,Indep,20000,2000
142,Female,Below 18,Sabaragamuwa,Single,Dependant,0,1000
143,Female,Below 18,Sabaragamuwa,Single,Indep,15000,1000
144,Female,Below 18,Sabaragamuwa,Single,Dependant,0,0
145,Female,Below 18,Sabaragamuwa,Single,Dependant,0,0
146,Female,Below 18,Sabaragamuwa,Single,Dependant,0,0
147,Female,Below 18,Southern,Single,Dependant,0,1000
148,Female,Below 18,Southern,Single,Dependant,0,2000
149,Female,Below 18,Southern,Single,Dependant,0,2500
150,Female,Below 18,Southern,Single,Dependant,0,2000
151,Female,Below 18,Southern,Single,Dependant,0,1000
152,Female,Below 18,Southern,Single,Dependant,0,1500
153,Female,Below 18,Southern,Single,Dependant,0,1500
154,Female,Below 18,Southern,Single,Dependant,0,2000
155,Female,Below 18,Southern,Single,Dependant,0,2000
156,Female,Below 18,Southern,Single,Dependant,0,1500
157,Female,Below 18,Southern,Single,Dependant,0,1000
158,Female,Below 18,Southern,Single,Dependant,0,2000
159,Female,Below 18,Southern,Single,Dependant,0,0
160,Female,Below 18,Southern,Single,Dependant,0,0
161,Female,Below 18,Southern,Single,Dependant,0,0
162,Female,Below 18,Southern,Single,Dependant,0,0
163,Female,Below 18,Central,Single,Dependant,0,0
164,Female,Below 18,Central,Single,Dependant,0,0
165,Female,Below 18,Central,Single,Dependant,0,2000
166,Female,Below 18,Central,Single,Dependant,0,2000
167,Female,Below 18,Central,Single,Dependant,0,1500
168,Female,Below 18,Central,Single,Dependant,0,2000
169,Female,Below 18,Central,Single,Dependant,0,1500
170,Female,Below 18,Central,Single,Dependant,0,2500
171,Female,Below 18,Central,Single,Dependant,0,3000
172,Female,Below 18,Central,Single,Dependant,0,2000
173,Female,Below 18,Western,Single,Dependant,0,5000
174,Female,Below 18,Western,Single,Dependant,0,5000
175,Female,Below 18,Western,Single,Dependant,0,4000
176,Female,Below 18,Western,Single,Dependant,0,3500
177,Female,Below 18,Western,Single,Dependant,0,2500
178,Female,Below 18,Western,Single,Dependant,0,2000
179,Female,Below 18,Western,Single,Dependant,0,3500
180,Female,Below 18,Western,Single,Dependant,0,3000
181,Female,Below 18,Western,Single,Dependant,0,5000
182,Female,Below 18,Western,Single,Dependant,0,2000
183,Female,Below 18,Western,Single,Dependant,0,0
184,Female,Below 18,Central,Single,Dependant,0,0
185,Female,Below 18,Central,Single,Dependant,0,2000
186,Female,Below 18,Central,Single,Dependant,0,2000
187,Female,Below 18,Central,Single,Dependant,0,2500
188,Female,Below 18,Central,Single,Dependant,0,3000
189,Female,Below 18,Central,Single,Dependant,0,2500
190,Female,Below 18,Central,Single,Dependant,0,1500
191,Female,Below 18,Central,Single,Dependant,0,0
192,Female,Below 18,Central,Single,Dependant,0,2000
193,Female,Below 18,Western,Single,Dependant,0,3000
194,Female,Below 18,Western,Single,Dependant,0,3500
195,Female,Below 18,Western,Single,Dependant,0,2000
196,Female,Below 18,North Western,Single,Dependant,0,2000
197,Female,Below 18,North Western,Single,Dependant,0,2000
198,Female,Below 18,North Western,Single,Dependant,0,1500
199,Female,26 - 30,North Central,Single,Indep,30000,2000
200,Female,26 - 30,North Central,Single,Indep,38000,3500
201,Female,26 - 30,North Central,Single,Indep,35000,3500
202,Female,26 - 30,Uva,Single,Indep,35000,1500
203,Female,26 - 30,Uva,Single,Indep,40000,2000
204,Female,26 - 30,Uva,Single,Indep,40000,2000
205,Female,26 - 30,North Western,Single,Indep,65000,2000
206,Female,26 - 30,North Western,Single,Indep,30000,3000
207,Female,26 - 30,Sabaragamuwa,Single,Indep,42000,3500
208,Female,26 - 30,Sabaragamuwa,Single,Indep,41000,3500
209,Female,26 - 30,Sabaragamuwa,Single,Indep,40000,3500
210,Female,26 - 30,Sabaragamuwa,Single,Indep,56000,4000
211,Female,26 - 30,Sabaragamuwa,Single,Indep,55000,4000
212,Female,26 - 30,Sabaragamuwa,Single,Indep,58000,4000
213,Female,26 - 30,Sabaragamuwa,Single,Indep,63000,4000
214,Female,26 - 30,Sabaragamuwa,Single,Indep,67000,4500
215,Female,26 - 30,Sabaragamuwa,Single,Indep,71000,4500
216,Female,26 - 30,Sabaragamuwa,Single,Indep,70000,5000
217,Female,26 - 30,Sabaragamuwa,Single,Indep,72000,4000
218,Female,26 - 30,Sabaragamuwa,Single,Indep,42000,4000
219,Female,26 - 30,Sabaragamuwa,Single,Indep,41000,4000
220,Female,26 - 30,Sabaragamuwa,Single,Indep,40000,4000
221,Female,26 - 30,Sabaragamuwa,Single,Indep,56000,4000
222,Female,26 - 30,Sabaragamuwa,Single,Indep,55000,4000
223,Female,26 - 30,Sabaragamuwa,Single,Indep,58000,4000
224,Female,26 - 30,Sabaragamuwa,Single,Indep,63000,4500
225,Female,26 - 30,Sabaragamuwa,Single,Indep,67000,5000
226,Female,26 - 30,Sabaragamuwa,Single,Indep,71000,5000
227,Female,26 - 30,Sabaragamuwa,Single,Indep,170000,10000
228,Female,26 - 30,Southern,Single,Indep,45000,3000
229,Female,26 - 30,Southern,Single,Indep,48000,4000
230,Female,26 - 30,Southern,Single,Indep,38000,3500
231,Female,26 - 30,Southern,Single,Indep,67000,4000
232,Female,26 - 30,Southern,Single,Indep,70000,4000
233,Female,26 - 30,Southern,Single,Indep,88000,5000
234,Female,26 - 30,Southern,Single,Indep,75000,4500
235,Female,26 - 30,Southern,Single,Indep,55000,3500
236,Female,26 - 30,Southern,Single,Indep,60000,4000
237,Female,26 - 30,Southern,Single,Indep,110000,5000
238,Female,26 - 30,Southern,Single,Indep,95000,5000
239,Female,26 - 30,Central,Single,Indep,55000,4000
240,Female,26 - 30,Central,Single,Indep,45000,3000
241,Female,26 - 30,Central,Single,Indep,80000,3500
242,Female,26 - 30,Central,Single,Indep,65000,3500
243,Female,26 - 30,Central,Single,Indep,130000,5000
244,Female,26 - 30,Central,Single,Indep,100000,5000
245,Female,26 - 30,Central,Single,Indep,75000,1500
246,Female,26 - 30,Central,Single,Indep,35000,1000
247,Female,26 - 30,Central,Single,Indep,28000,1000
248,Female,26 - 30,Central,Single,Indep,45000,1500
249,Female,26 - 30,Central,Single,Indep,58000,1800
250,Female,26 - 30,Central,Single,Dependant,0,6000
251,Female,26 - 30,Central,Single,Dependant,0,10000
252,Female,26 - 30,Central,Single,Dependant,0,12000
253,Female,26 - 30,Central,Single,Dependant,0,10000
254,Female,26 - 30,Western,Single,Indep,62000,4000
255,Female,26 - 30,Western,Single,Indep,70000,4000
256,Female,26 - 30,Western,Married,Indep,35000,3500
257,Female,26 - 30,Western,Married,Indep,40000,4000
258,Female,26 - 30,Western,Married,Indep,52000,4000
259,Female,26 - 30,Western,Married,Indep,70000,4000
260,Female,26 - 30,Western,Married,Indep,80000,5000
261,Female,26 - 30,Central,Married,Indep,65000,2000
262,Female,26 - 30,Central,Married,Indep,70000,2500
263,Female,26 - 30,Central,Married,Indep,38000,2000
264,Female,26 - 30,Central,Single,Indep,95000,2500
265,Female,26 - 30,Central,Single,Indep,80000,2500
266,Female,26 - 30,Western,Single,Indep,120000,10000
267,Female,26 - 30,Western,Single,Indep,60000,4000
268,Female,31 - 40,Western,Single,Indep,72000,5000
269,Female,31 - 40,Nothern,Married,Indep,58000,1500
270,Female,31 - 40,Nothern,Married,Indep,63000,1500
271,Female,31 - 40,North Central,Married,Indep,57000,4000
272,Female,31 - 40,North Central,Married,Indep,63000,5000
273,Female,31 - 40,North Western,Married,Indep,120000,3000
274,Female,31 - 40,North Western,Married,Indep,70000,2500
275,Female,31 - 40,Sabaragamuwa,Married,Indep,65000,4000
276,Female,31 - 40,Sabaragamuwa,Married,Indep,80000,5000
277,Female,31 - 40,Sabaragamuwa,Married,Indep,61000,3500
278,Female,31 - 40,Sabaragamuwa,Married,Indep,75000,4000
279,Female,31 - 40,Sabaragamuwa,Married,Indep,70000,4000
280,Female,31 - 40,Western,Married,Indep,38000,3500
281,Female,31 - 40,Western,Married,Indep,120000,10000
282,Female,31 - 40,Western,Married,Indep,150000,15000
283,Female,31 - 40,Western,Married,Indep,180000,15000
284,Female,31 - 40,Central,Married,Dependant,0,5000
285,Female,31 - 40,Eastern,Married,Indep,30000,2000
286,Male,18 - 25,Eastern,Single,Dependant,0,2000
287,Male,18 - 25,Eastern,Single,Indep,25000,2000
288,Male,18 - 25,North Central,Single,Indep,15000,1000
289,Male,18 - 25,North Central,Single,Indep,15000,1500
290,Male,18 - 25,North Central,Single,Indep,20000,2000
291,Male,18 - 25,Uva,Single,Indep,20000,0
292,Male,18 - 25,Uva,Single,Indep,25000,0
293,Male,18 - 25,Uva,Single,Indep,30000,0
294,Male,18 - 25,Uva,Single,Indep,30000,0
295,Male,18 - 25,Sabaragamuwa,Single,Indep,25000,2000
296,Male,18 - 25,Sabaragamuwa,Single,Indep,27000,2500
297,Male,18 - 25,Sabaragamuwa,Single,Indep,29000,2500
298,Male,18 - 25,Sabaragamuwa,Single,Indep,30000,2500
299,Male,18 - 25,Sabaragamuwa,Single,Indep,32000,2500
300,Male,18 - 25,Central,Single,Dependant,0,8000
301,Male,18 - 25,Central,Single,Dependant,0,5000
302,Male,18 - 25,Nothern,Single,Dependant,0,1000
303,Male,18 - 25,Nothern,Single,Dependant,0,0
304,Male,Below 18,Southern,Single,Dependant,0,2000
305,Male,Below 18,Southern,Single,Dependant,0,2000
306,Male,Below 18,Southern,Single,Dependant,0,1500
307,Male,Below 18,Southern,Single,Dependant,0,1000
308,Male,Below 18,Southern,Single,Dependant,0,1500
309,Male,Below 18,Southern,Single,Dependant,0,1000
310,Male,Below 18,Southern,Single,Dependant,0,0
311,Male,Below 18,Southern,Single,Dependant,0,0
312,Male,Below 18,Southern,Single,Dependant,0,0
313,Male,Below 18,Southern,Single,Dependant,0,0
314,Male,Below 18,Southern,Single,Dependant,0,0
315,Male,Below 18,Southern,Single,Dependant,0,0
316,Male,Below 18,Southern,Single,Dependant,0,0
317,Male,Below 18,Southern,Single,Dependant,0,0
318,Male,Below 18,Southern,Single,Dependant,0,0
319,Male,Below 18,Central,Single,Dependant,0,2000
320,Male,Below 18,Central,Single,Dependant,0,2500
321,Male,Below 18,Central,Single,Dependant,0,3000
322,Male,Below 18,Central,Single,Dependant,0,3500
323,Male,Below 18,Central,Single,Dependant,0,2000
324,Male,Below 18,Western,Single,Dependant,0,10000
325,Male,Below 18,Western,Single,Dependant,0,10000
326,Male,Below 18,Western,Single,Dependant,0,15000
327,Male,Below 18,Western,Single,Dependant,0,5000
328,Male,Below 18,Central,Single,Dependant,0,2500
329,Male,Below 18,Central,Single,Dependant,0,2000
330,Male,Below 18,Sabaragamuwa,Single,Dependant,0,0
331,Male,Below 18,Sabaragamuwa,Single,Dependant,0,0
332,Male,Below 18,Sabaragamuwa,Single,Dependant,0,0
333,Male,Below 18,Sabaragamuwa,Single,Dependant,0,0
334,Male,Below 18,Sabaragamuwa,Single,Dependant,0,0
335,Male,Below 18,Sabaragamuwa,Single,Dependant,0,0
336,Male,Below 18,Sabaragamuwa,Single,Dependant,0,0
337,Male,Below 18,Sabaragamuwa,Single,Dependant,0,0
338,Male,Below 18,Sabaragamuwa,Single,Dependant,0,0
339,Male,Below 18,Sabaragamuwa,Single,Dependant,0,0
340,Male,Below 18,Sabaragamuwa,Single,Indep,12000,0
341,Male,26 - 30,Eastern,Single,Indep,35000,1000
342,Male,26 - 30,Eastern,Single,Indep,30000,2000
343,Male,26 - 30,Eastern,Single,Indep,40000,2000
344,Male,26 - 30,North Central,Single,Indep,38000,1000
345,Male,26 - 30,North Central,Single,Indep,42000,1000
346,Male,26 - 30,North Central,Single,Indep,45000,1000
347,Male,26 - 30,Uva,Single,Indep,45000,0
348,Male,26 - 30,Uva,Single,Indep,30000,0
349,Male,26 - 30,Uva,Single,Indep,25000,0
350,Male,26 - 30,Uva,Single,Indep,35000,0
351,Male,26 - 30,Uva,Single,Indep,40000,0
352,Male,26 - 30,North Western,Single,Indep,60000,2500
353,Male,26 - 30,North Western,Single,Indep,55000,0
354,Male,26 - 30,North Western,Single,Indep,58000,2000
355,Male,26 - 30,North Western,Single,Indep,55000,2000
356,Male,26 - 30,North Western,Single,Indep,45000,2000
357,Male,26 - 30,North Western,Single,Indep,30000,0
358,Male,26 - 30,Sabaragamuwa,Single,Indep,42000,3500
359,Male,26 - 30,Sabaragamuwa,Single,Indep,41000,3500
360,Male,26 - 30,Sabaragamuwa,Single,Indep,40000,3500
361,Male,26 - 30,Sabaragamuwa,Single,Indep,56000,3500
362,Male,26 - 30,Sabaragamuwa,Single,Indep,55000,3500
363,Male,26 - 30,Sabaragamuwa,Single,Indep,58000,3500
364,Male,26 - 30,Sabaragamuwa,Single,Indep,63000,4500
365,Male,26 - 30,Sabaragamuwa,Single,Indep,67000,4500
366,Male,26 - 30,Sabaragamuwa,Single,Indep,71000,4500
367,Male,26 - 30,Sabaragamuwa,Single,Indep,70000,4500
368,Male,26 - 30,Southern,Single,Indep,65000,3500
369,Male,26 - 30,Southern,Single,Indep,60000,3000
370,Male,26 - 30,Southern,Single,Indep,150000,6000
371,Male,26 - 30,Southern,Single,Indep,125000,5000
372,Male,26 - 30,Southern,Single,Indep,85000,2500
373,Male,26 - 30,Central,Single,Indep,90000,3500
374,Male,26 - 30,Central,Single,Indep,95000,3500
375,Male,26 - 30,Central,Single,Indep,85000,3000
376,Male,26 - 30,Central,Single,Indep,120000,5000
377,Male,26 - 30,Central,Single,Indep,100000,6000
378,Male,26 - 30,Western,Single,Indep,48000,3000
379,Male,26 - 30,Western,Single,Indep,55000,4000
380,Male,26 - 30,Western,Single,Indep,65000,4000
381,Male,26 - 30,Western,Married,Indep,72000,5000
382,Male,26 - 30,Western,Married,Indep,90000,5000
383,Male,26 - 30,Central,Single,Indep,45000,2500
384,Male,26 - 30,Central,Single,Indep,55000,2000
385,Male,26 - 30,Western,Single,Indep,70000,4000
386,Male,26 - 30,Western,Single,Indep,90000,5000
387,Male,18 - 25,Sabaragamuwa,Single,Indep,72000,4500
388,Male,18 - 25,Sabaragamuwa,Single,Indep,42000,3500
389,Male,18 - 25,Sabaragamuwa,Single,Indep,41000,3500
390,Male,18 - 25,Central,Single,Indep,25000,1500
391,Male,18 - 25,Central,Single,Indep,35000,2000
392,Male,18 - 25,Central,Single,Indep,42000,2500
393,Male,18 - 25,Central,Single,Indep,55000,2500
394,Male,18 - 25,Central,Single,Indep,75000,3000
395,Male,18 - 25,Western,Single,Indep,20000,3000
396,Male,18 - 25,Western,Single,Indep,32000,3500
397,Male,31 - 40,Western,Single,Indep,65000,4000
398,Male,31 - 40,Western,Single,Indep,80000,5000
399,Male,31 - 40,Western,Single,Indep,160000,10000
400,Male,31 - 40,Central,Single,Indep,500000,20000
401,Male,31 - 40,Central,Single,Indep,110000,5000
402,Male,31 - 40,Central,Single,Indep,580000,20000
403,Male,31 - 40,Central,Single,Indep,370000,20000
404,Male,31 - 40,Western,Single,Indep,250000,15000
405,Male,31 - 40,Sabaragamuwa,Single,Indep,40000,3500
406,Male,31 - 40,Sabaragamuwa,Single,Indep,56000,3500
407,Male,31 - 40,Sabaragamuwa,Single,Indep,55000,3500
408,Male,31 - 40,Sabaragamuwa,Single,Indep,58000,3500
409,Male,31 - 40,Sabaragamuwa,Single,Indep,63000,4500
410,Male,31 - 40,Eastern,Married,Indep,58000,2000
411,Male,31 - 40,Uva,Married,Indep,67000,3000
412,Male,31 - 40,Uva,Married,Indep,64000,2000
413,Male,31 - 40,North Western,Married,Indep,55000,2000
414,Male,31 - 40,North Western,Married,Indep,50000,2000
415,Male,31 - 40,North Western,Married,Indep,60000,0
416,Male,31 - 40,Sabaragamuwa,Married,Indep,58000,4000
417,Male,31 - 40,Sabaragamuwa,Married,Indep,63000,4000
418,Male,31 - 40,Sabaragamuwa,Married,Indep,67000,4000
419,Male,31 - 40,Sabaragamuwa,Married,Indep,71000,4000
420,Male,31 - 40,Sabaragamuwa,Married,Indep,70000,4000
421,Male,31 - 40,Sabaragamuwa,Married,Indep,72000,4000
422,Male,31 - 40,Sabaragamuwa,Married,Indep,72000,4000
423,Male,31 - 40,Sabaragamuwa,Married,Indep,75000,4000
424,Male,31 - 40,Sabaragamuwa,Married,Indep,90000,4000
425,Male,31 - 40,Sabaragamuwa,Married,Indep,85000,3500
426,Male,31 - 40,Sabaragamuwa,Married,Indep,100000,5000
427,Male,31 - 40,Sabaragamuwa,Married,Indep,110000,5000
428,Male,31 - 40,Sabaragamuwa,Married,Indep,63000,4000
429,Male,31 - 40,Sabaragamuwa,Married,Indep,67000,4000
430,Male,31 - 40,Sabaragamuwa,Married,Indep,71000,4000
431,Male,31 - 40,Sabaragamuwa,Married,Indep,70000,4000
432,Male,31 - 40,Sabaragamuwa,Married,Indep,72000,4000
433,Male,31 - 40,Sabaragamuwa,Married,Indep,72000,4000
434,Male,31 - 40,Sabaragamuwa,Married,Indep,72000,4000
435,Male,31 - 40,Southern,Married,Indep,84000,0
436,Male,31 - 40,Southern,Married,Indep,76000,0
437,Male,31 - 40,Southern,Married,Indep,66000,3500
438,Male,31 - 40,Southern,Married,Indep,97500,3500
439,Male,31 - 40,Central,Married,Indep,250000,10000
440,Male,31 - 40,Central,Married,Indep,100000,6000
441,Male,31 - 40,Central,Married,Indep,200000,10000
442,Male,31 - 40,Central,Married,Indep,140000,6000
443,Male,31 - 40,Central,Married,Indep,55000,2500
444,Male,31 - 40,Central,Married,Indep,67000,3500
445,Male,31 - 40,Central,Married,Indep,49000,2500
446,Male,31 - 40,Central,Married,Indep,38000,2000
447,Male,31 - 40,Central,Married,Indep,90000,3500
448,Male,31 - 40,Central,Married,Indep,135000,6000
449,Male,31 - 40,Central,Married,Indep,155000,6000
450,Male,31 - 40,Central,Married,Indep,39000,2500
451,Male,31 - 40,Central,Married,Indep,37000,2000
452,Male,31 - 40,Central,Married,Indep,42000,2500
453,Male,31 - 40,Central,Married,Indep,71000,2500
454,Male,31 - 40,Western,Married,Indep,50000,3000
455,Male,31 - 40,Western,Married,Indep,58000,4000
456,Male,31 - 40,Western,Married,Indep,60000,4000
457,Male,31 - 40,Western,Married,Indep,65000,4000
458,Male,31 - 40,Western,Married,Indep,70000,4000
459,Male,31 - 40,Western,Married,Indep,75000,5000
460,Male,31 - 40,Western,Married,Indep,80000,5000
461,Male,31 - 40,Western,Married,Indep,130000,10000
462,Male,31 - 40,Western,Married,Indep,120000,10000
463,Male,31 - 40,Western,Married,Indep,200000,15000
464,Male,31 - 40,Western,Married,Indep,300000,15000
465,Male,31 - 40,Central,Married,Indep,450000,10000
466,Male,31 - 40,Central,Married,Indep,50000,2500
467,Male,31 - 40,Central,Married,Indep,58000,3000
468,Male,31 - 40,Central,Married,Indep,60000,3000
469,Male,31 - 40,Central,Married,Indep,62000,3000
470,Male,31 - 40,Western,Married,Indep,400000,20000
471,Male,31 - 40,Western,Married,Indep,320000,15000
472,Male,31 - 40,Western,Married,Indep,500000,20000
473,Female,18 - 25,Southern,Single,Dependant,0,2000
474,Female,18 - 25,Southern,Single,Indep,30000,2000
475,Female,26 - 30,Southern,Married,Indep,68000,10000
476,Male,31 - 40,Southern,Married,Indep,70000,0
477,Female,18 - 25,Western,Single,Indep,15000,6000
478,Female,26 - 30,Southern,Single,Indep,100000,10000
479,Male,18 - 25,Southern,Single,Indep,100000,10000
480,Female,26 - 30,Western,Single,Indep,30000,15000
481,Female,26 - 30,Western,Married,Indep,60000,4000
482,Female,18 - 25,Western,Single,Dependant,0,1500
483,Female,26 - 30,Uva,Married,Indep,69000,3000
484,Male,18 - 25,Western,Single,Dependant,0,8000
485,Female,18 - 25,Southern,Single,Dependant,0,10000
486,Female,26 - 30,Western,Single,Indep,70000,5000
487,Female,18 - 25,Western,Single,Dependant,0,5000
488,Female,18 - 25,Southern,Single,Dependant,0,5000
489,Female,18 - 25,Western,Single,Dependant,0,5000
490,Female,18 - 25,Southern,Single,Dependant,0,0
491,Female,18 - 25,Southern,Single,Dependant,0,4000
492,Female,18 - 25,Southern,Single,Indep,130000,10000
493,Female,18 - 25,Southern,Single,Dependant,0,5000
494,Female,18 - 25,Southern,Single,Indep,30000,10000
495,Female,26 - 30,North Western,Single,Dependant,0,4000
496,Female,26 - 30,Western,Single,Indep,70000,3000
497,Female,18 - 25,Western,Married,Indep,150000,15000
498,Female,18 - 25,Southern,Single,Dependant,0,2000
499,Male,18 - 25,Western,Single,Dependant,0,10000
500,Male,18 - 25,Western,Single,Indep,80000,5000
501,Female,18 - 25,Southern,Single,Dependant,0,10000
502,Male,18 - 25,Western,Single,Dependant,0,10000
503,Male,18 - 25,Western,Single,Indep,100000,10000
504,Female,18 - 25,Western,Single,Dependant,0,5000
505,Female,18 - 25,Southern,Single,Indep,40000,5000
506,Male,18 - 25,Western,Single,Dependant,0,3000
507,Female,26 - 30,Western,Single,Indep,35000,10000
508,Female,18 - 25,Western,Single,Indep,30000,5000
509,Female,26 - 30,Western,Single,Indep,30000,3000
510,Female,26 - 30,Western,Single,Indep,30000,2000
511,Female,18 - 25,Western,Single,Indep,32000,0
512,Male,18 - 25,Western,Single,Indep,30000,0
513,Female,18 - 25,Western,Single,Indep,150000,10000
514,Male,18 - 25,Western,Single,Indep,20000,1500
515,Female,26 - 30,Western,Single,Dependant,0,10000
516,Male,18 - 25,Western,Single,Dependant,0,2000
517,Male,18 - 25,Western,Single,Indep,50000,15000
518,Female,18 - 25,Southern,Single,Dependant,0,6000
519,Female,18 - 25,Central,Single,Dependant,0,6000
520,Female,18 - 25,Western,Single,Indep,25000,1000
521,Male,18 - 25,Western,Single,Dependant,0,5000
522,Male,18 - 25,Western,Single,Dependant,0,0
523,Male,26 - 30,Western,Single,Indep,120000,3000
524,Male,18 - 25,Western,Single,Indep,20000,10000
525,Male,18 - 25,Southern,Single,Dependant,0,2000
526,Female,18 - 25,Western,Single,Dependant,0,20000
527,Female,18 - 25,Southern,Single,Indep,10000,1000
528,Female,18 - 25,Central,Single,Dependant,0,5000
529,Female,18 - 25,North Western,Single,Indep,50000,10000
530,Male,18 - 25,Sabaragamuwa,Single,Indep,40000,5000
531,Male,18 - 25,Southern,Single,Dependant,0,5000
532,Female,18 - 25,Southern,Single,Dependant,0,4000
533,Female,18 - 25,Southern,Single,Indep,27000,6000
534,Female,18 - 25,Southern,Single,Dependant,0,2000
535,Male,18 - 25,Western,Single,Indep,20000,2000
536,Female,18 - 25,Sabaragamuwa,Single,Indep,150000,12000
537,Male,18 - 25,Western,Single,Indep,15000,5000
538,Female,18 - 25,Southern,Single,Dependant,0,5000
539,Female,18 - 25,Central,Single,Indep,200000,75000
540,Female,18 - 25,Southern,Single,Dependant,0,5000
541,Female,18 - 25,Western,Single,Indep,34000,5000
542,Female,26 - 30,Southern,Single,Indep,25000,5000
543,Male,18 - 25,Western,Single,Dependant,0,15000
544,Male,18 - 25,Sabaragamuwa,Married,Indep,200000,1500
545,Male,26 - 30,Southern,Single,Indep,330000,10000
546,Male,26 - 30,Western,Married,Indep,100000,7500
547,Male,26 - 30,Western,Single,Indep,170000,5000
548,Male,18 - 25,Western,Single,Indep,40000,0
549,Male,26 - 30,Southern,Married,Indep,60000,4000
550,Male,26 - 30,Southern,Single,Indep,550000,10000
551,Male,26 - 30,Southern,Married,Indep,105000,10000
552,Male,26 - 30,Southern,Single,Indep,600000,30000
553,Male,18 - 25,Western,Single,Indep,45000,0
554,Male,26 - 30,Southern,Single,Indep,400000,10000
555,Female,18 - 25,Southern,Single,Dependant,0,6000
556,Male,18 - 25,Western,Single,Indep,20000,0
557,Female,18 - 25,Southern,Single,Dependant,0,2000
558,Male,18 - 25,Western,Single,Dependant,0,10000
559,Male,26 - 30,Sabaragamuwa,Single,Indep,45000,0
560,Female,Below 18,Eastern,Single,Dependant,0,2000
561,Male,Below 18,Southern,Single,Dependant,0,0
562,Male,Below 18,Western,Single,Dependant,0,0
563,Female,18 - 25,Southern,Single,Dependant,0,20000
564,Female,26 - 30,Western,Single,Dependant,0,3000
565,Female,18 - 25,Southern,Single,Indep,30000,5000
566,Female,18 - 25,Southern,Single,Indep,15000,6000
567,Female,18 - 25,Southern,Single,Indep,30000,2000
568,Female,18 - 25,Central,Married,Dependant,0,5000
569,Female,18 - 25,Central,Single,Dependant,0,3000
570,Female,18 - 25,Western,Single,Dependant,0,1000
571,Female,18 - 25,Western,Single,Dependant,0,20000
572,Male,31 - 40,Southern,Single,Indep,120000,10000
573,Female,18 - 25,Central,Married,Indep,90000,25000
574,Female,18 - 25,Western,Single,Indep,35000,9000
575,Male,18 - 25,Western,Single,Indep,50000,5000
576,Female,18 - 25,Southern,Single,Dependant,0,2500
577,Female,18 - 25,Western,Single,Dependant,0,1500
578,Female,18 - 25,Southern,Single,Indep,30000,0
579,Female,18 - 25,Western,Single,Dependant,0,30000
580,Female,18 - 25,Southern,Single,Indep,22000,5000
581,Female,18 - 25,Southern,Single,Indep,50000,5000
582,Female,26 - 30,North Western,Single,Indep,140000,10000
583,Female,26 - 30,Southern,Single,Dependant,0,20000
584,Female,26 - 30,Southern,Single,Indep,60000,5000
585,Female,26 - 30,Southern,Single,Dependant,0,6000
586,Female,31 - 40,North Central,Single,Indep,55000,5000
587,Female,31 - 40,North Central,Single,Indep,50000,4000
588,Female,31 - 40,North Central,Single,Indep,67000,5000
589,Female,31 - 40,Central,Married,Indep,67000,4000
590,Female,31 - 40,Western,Married,Indep,48000,3000
591,Female,31 - 40,Western,Married,Indep,50000,5000
592,Female,31 - 40,Western,Married,Indep,90000,5000
593,Female,31 - 40,Western,Married,Indep,100000,10000
594,Female,31 - 40,Eastern,Married,Indep,60000,3000
595,Female,31 - 40,Eastern,Married,Indep,55000,2000
596,Female,18 - 25,Eastern,Single,Indep,30000,2000
597,Female,18 - 25,Eastern,Single,Indep,35000,2000
598,Female,18 - 25,Uva,Single,Indep,25000,2000
599,Female,18 - 25,Uva,Single,Indep,30000,1500
600,Female,18 - 25,Uva,Single,Indep,15000,1500
601,Female,18 - 25,Uva,Single,Indep,15000,1000
602,Female,18 - 25,North Western,Single,Indep,20000,3000
603,Female,18 - 25,North Western,Single,Indep,45000,3500
604,Female,18 - 25,Southern,Single,Indep,41000,4000
605,Female,18 - 25,Southern,Single,Indep,25000,2500
606,Female,18 - 25,Southern,Single,Indep,38000,3000
607,Female,18 - 25,Southern,Single,Indep,28000,2000
608,Female,18 - 25,Southern,Single,Indep,35000,2500
609,Female,18 - 25,Central,Single,Indep,85000,6000
610,Female,18 - 25,Central,Single,Indep,65000,3500
611,Female,18 - 25,North Central,Single,Indep,28000,2000
612,Female,18 - 25,North Central,Single,Indep,30000,2500
613,Female,18 - 25,North Central,Single,Indep,30000,2500
614,Female,18 - 25,Nothern,Single,Indep,20000,2000
615,Female,Below 18,Sabaragamuwa,Single,Dependant,0,1000
616,Female,Below 18,Sabaragamuwa,Single,Indep,15000,1000
617,Female,Below 18,Sabaragamuwa,Single,Dependant,0,0
618,Female,Below 18,Sabaragamuwa,Single,Dependant,0,0
619,Female,Below 18,Sabaragamuwa,Single,Dependant,0,0
620,Female,Below 18,Southern,Single,Dependant,0,1000
621,Female,Below 18,Southern,Single,Dependant,0,2000
622,Female,Below 18,Southern,Single,Dependant,0,2500
623,Female,Below 18,Southern,Single,Dependant,0,2000
624,Female,Below 18,Southern,Single,Dependant,0,1000
625,Female,Below 18,Southern,Single,Dependant,0,1500
626,Female,Below 18,Southern,Single,Dependant,0,1500
627,Female,Below 18,Southern,Single,Dependant,0,2000
628,Female,Below 18,Southern,Single,Dependant,0,2000
629,Female,Below 18,Southern,Single,Dependant,0,1500
630,Female,Below 18,Southern,Single,Dependant,0,1000
631,Female,Below 18,Southern,Single,Dependant,0,2000
632,Female,Below 18,Southern,Single,Dependant,0,0
633,Female,Below 18,Southern,Single,Dependant,0,0
634,Female,Below 18,Southern,Single,Dependant,0,0
635,Female,Below 18,Southern,Single,Dependant,0,0
636,Female,Below 18,Central,Single,Dependant,0,0
637,Female,Below 18,Central,Single,Dependant,0,0
638,Female,Below 18,Central,Single,Dependant,0,2000
639,Female,Below 18,Central,Single,Dependant,0,2000
640,Female,Below 18,Central,Single,Dependant,0,1500
641,Female,Below 18,Central,Single,Dependant,0,2000
642,Female,Below 18,Central,Single,Dependant,0,1500
643,Female,Below 18,Central,Single,Dependant,0,2500
644,Female,Below 18,Central,Single,Dependant,0,3000
645,Female,Below 18,Central,Single,Dependant,0,2000
646,Female,Below 18,Western,Single,Dependant,0,5000
647,Female,Below 18,Western,Single,Dependant,0,5000
648,Female,Below 18,Western,Single,Dependant,0,4000
649,Female,Below 18,Western,Single,Dependant,0,3500
650,Female,Below 18,Western,Single,Dependant,0,2500
651,Female,Below 18,Western,Single,Dependant,0,2000
652,Female,Below 18,Western,Single,Dependant,0,3500
653,Female,Below 18,Western,Single,Dependant,0,3000
654,Female,Below 18,Western,Single,Dependant,0,5000
655,Female,Below 18,Western,Single,Dependant,0,2000
656,Female,Below 18,Western,Single,Dependant,0,0
657,Female,Below 18,Central,Single,Dependant,0,0
658,Female,Below 18,Central,Single,Dependant,0,2000
659,Female,Below 18,Central,Single,Dependant,0,2000
660,Female,Below 18,Central,Single,Dependant,0,2500
661,Female,Below 18,Central,Single,Dependant,0,3000
662,Female,Below 18,Central,Single,Dependant,0,2500
663,Female,Below 18,Central,Single,Dependant,0,1500
664,Female,Below 18,Central,Single,Dependant,0,0
665,Female,Below 18,Central,Single,Dependant,0,2000
666,Female,Below 18,Western,Single,Dependant,0,3000
667,Female,Below 18,Western,Single,Dependant,0,3500
668,Female,Below 18,Western,Single,Dependant,0,2000
669,Female,Below 18,North Western,Single,Dependant,0,2000
670,Female,Below 18,North Western,Single,Dependant,0,2000
671,Female,Below 18,North Western,Single,Dependant,0,1500
672,Female,26 - 30,North Central,Single,Indep,30000,2000
673,Female,26 - 30,North Central,Single,Indep,38000,3500
674,Female,26 - 30,North Central,Single,Indep,35000,3500
675,Female,26 - 30,Uva,Single,Indep,35000,1500
676,Female,26 - 30,Uva,Single,Indep,40000,2000
677,Female,26 - 30,Uva,Single,Indep,40000,2000
678,Female,26 - 30,North Western,Single,Indep,65000,2000
679,Female,26 - 30,North Western,Single,Indep,30000,3000
680,Female,26 - 30,Sabaragamuwa,Single,Indep,42000,3500
681,Female,26 - 30,Sabaragamuwa,Single,Indep,41000,3500
682,Female,26 - 30,Sabaragamuwa,Single,Indep,40000,3500
683,Female,26 - 30,Sabaragamuwa,Single,Indep,56000,4000
684,Female,26 - 30,Sabaragamuwa,Single,Indep,55000,4000
685,Female,26 - 30,Sabaragamuwa,Single,Indep,58000,4000
686,Female,26 - 30,Sabaragamuwa,Single,Indep,63000,4000
687,Female,26 - 30,Sabaragamuwa,Single,Indep,67000,4500
688,Female,26 - 30,Sabaragamuwa,Single,Indep,71000,4500
689,Female,26 - 30,Sabaragamuwa,Single,Indep,70000,5000
690,Female,26 - 30,Sabaragamuwa,Single,Indep,72000,4000
691,Female,26 - 30,Sabaragamuwa,Single,Indep,42000,4000
692,Female,26 - 30,Sabaragamuwa,Single,Indep,41000,4000
693,Female,26 - 30,Sabaragamuwa,Single,Indep,40000,4000
694,Female,26 - 30,Sabaragamuwa,Single,Indep,56000,4000
695,Female,26 - 30,Sabaragamuwa,Single,Indep,55000,4000
696,Female,26 - 30,Sabaragamuwa,Single,Indep,58000,4000
697,Female,26 - 30,Sabaragamuwa,Single,Indep,63000,4500
698,Female,26 - 30,Sabaragamuwa,Single,Indep,67000,5000
699,Female,26 - 30,Sabaragamuwa,Single,Indep,71000,5000
700,Female,26 - 30,Sabaragamuwa,Single,Indep,170000,10000
701,Female,26 - 30,Southern,Single,Indep,45000,3000
702,Female,26 - 30,Southern,Single,Indep,48000,4000
703,Female,26 - 30,Southern,Single,Indep,38000,3500
704,Female,26 - 30,Southern,Single,Indep,67000,4000
705,Female,26 - 30,Southern,Single,Indep,70000,4000
706,Female,26 - 30,Southern,Single,Indep,88000,5000
707,Female,26 - 30,Southern,Single,Indep,75000,4500
708,Female,26 - 30,Southern,Single,Indep,55000,3500
709,Female,26 - 30,Southern,Single,Indep,60000,4000
710,Female,26 - 30,Southern,Single,Indep,110000,5000
711,Female,26 - 30,Southern,Single,Indep,95000,5000
712,Female,26 - 30,Central,Single,Indep,55000,4000
713,Female,26 - 30,Central,Single,Indep,45000,3000
714,Female,26 - 30,Central,Single,Indep,80000,3500
715,Female,26 - 30,Central,Single,Indep,65000,3500
716,Female,26 - 30,Central,Single,Indep,130000,5000
717,Female,26 - 30,Central,Single,Indep,100000,5000
718,Female,26 - 30,Central,Single,Indep,75000,1500
719,Female,26 - 30,Central,Single,Indep,35000,1000
720,Female,26 - 30,Central,Single,Indep,28000,1000
721,Female,26 - 30,Central,Single,Indep,45000,1500
722,Female,26 - 30,Central,Single,Indep,58000,1800
723,Female,26 - 30,Central,Single,Dependant,0,6000
724,Female,26 - 30,Central,Single,Dependant,0,10000
725,Female,26 - 30,Central,Single,Dependant,0,12000
726,Female,26 - 30,Central,Single,Dependant,0,10000
727,Female,26 - 30,Western,Single,Indep,62000,4000
728,Female,26 - 30,Western,Single,Indep,70000,4000
729,Female,26 - 30,Western,Married,Indep,35000,3500
730,Female,26 - 30,Western,Married,Indep,40000,4000
731,Female,26 - 30,Western,Married,Indep,52000,4000
732,Female,26 - 30,Western,Married,Indep,70000,4000
733,Female,26 - 30,Western,Married,Indep,80000,5000
734,Female,26 - 30,Central,Married,Indep,65000,2000
735,Female,26 - 30,Central,Married,Indep,70000,2500
736,Female,26 - 30,Central,Married,Indep,38000,2000
737,Female,26 - 30,Central,Single,Indep,95000,2500
738,Female,26 - 30,Central,Single,Indep,80000,2500
739,Female,26 - 30,Western,Single,Indep,120000,10000
740,Female,26 - 30,Western,Single,Indep,60000,4000
741,Female,31 - 40,Western,Single,Indep,72000,5000
742,Female,31 - 40,Nothern,Married,Indep,58000,1500
743,Female,31 - 40,Nothern,Married,Indep,63000,1500
744,Female,31 - 40,North Central,Married,Indep,57000,4000
745,Female,31 - 40,North Central,Married,Indep,63000,5000
746,Female,31 - 40,North Western,Married,Indep,120000,3000
747,Female,31 - 40,North Western,Married,Indep,70000,2500
748,Female,31 - 40,Sabaragamuwa,Married,Indep,65000,4000
749,Female,31 - 40,Sabaragamuwa,Married,Indep,80000,5000
750,Female,31 - 40,Sabaragamuwa,Married,Indep,61000,3500
751,Female,31 - 40,Sabaragamuwa,Married,Indep,75000,4000
752,Female,31 - 40,Sabaragamuwa,Married,Indep,70000,4000
753,Female,31 - 40,Western,Married,Indep,38000,3500
754,Female,31 - 40,Western,Married,Indep,120000,10000
755,Female,31 - 40,Western,Married,Indep,150000,15000
756,Female,31 - 40,Western,Married,Indep,180000,15000
757,Female,31 - 40,Central,Married,Dependant,0,5000
758,Female,31 - 40,Eastern,Married,Indep,30000,2000
759,Male,18 - 25,Eastern,Single,Dependant,0,2000
760,Male,18 - 25,Eastern,Single,Indep,25000,2000
761,Male,18 - 25,North Central,Single,Indep,15000,1000
762,Male,18 - 25,North Central,Single,Indep,15000,1500
763,Male,18 - 25,North Central,Single,Indep,20000,2000
764,Male,18 - 25,Uva,Single,Indep,20000,0
765,Male,18 - 25,Uva,Single,Indep,25000,0
766,Male,18 - 25,Uva,Single,Indep,30000,0
767,Male,18 - 25,Uva,Single,Indep,30000,0
768,Male,18 - 25,Sabaragamuwa,Single,Indep,25000,2000
769,Male,18 - 25,Sabaragamuwa,Single,Indep,27000,2500
770,Male,18 - 25,Sabaragamuwa,Single,Indep,29000,2500
771,Male,18 - 25,Sabaragamuwa,Single,Indep,30000,2500
772,Male,18 - 25,Sabaragamuwa,Single,Indep,32000,2500
773,Male,18 - 25,Central,Single,Dependant,0,8000
774,Male,18 - 25,Central,Single,Dependant,0,5000
775,Male,18 - 25,Nothern,Single,Dependant,0,1000
776,Male,18 - 25,Nothern,Single,Dependant,0,0
777,Male,Below 18,Southern,Single,Dependant,0,2000
778,Male,Below 18,Southern,Single,Dependant,0,2000
779,Male,Below 18,Southern,Single,Dependant,0,1500
780,Male,Below 18,Southern,Single,Dependant,0,1000
781,Male,Below 18,Southern,Single,Dependant,0,1500
782,Male,Below 18,Southern,Single,Dependant,0,1000
783,Male,Below 18,Southern,Single,Dependant,0,0
784,Male,Below 18,Southern,Single,Dependant,0,0
785,Male,Below 18,Southern,Single,Dependant,0,0
786,Male,Below 18,Southern,Single,Dependant,0,0
787,Male,Below 18,Southern,Single,Dependant,0,0
788,Male,Below 18,Southern,Single,Dependant,0,0
789,Male,Below 18,Southern,Single,Dependant,0,0
790,Male,Below 18,Southern,Single,Dependant,0,0
791,Male,Below 18,Southern,Single,Dependant,0,0
792,Male,Below 18,Central,Single,Dependant,0,2000
793,Male,Below 18,Central,Single,Dependant,0,2500
794,Male,Below 18,Central,Single,Dependant,0,3000
795,Male,Below 18,Central,Single,Dependant,0,3500
796,Male,Below 18,Central,Single,Dependant,0,2000
797,Male,Below 18,Western,Single,Dependant,0,10000
798,Male,Below 18,Western,Single,Dependant,0,10000
799,Male,Below 18,Western,Single,Dependant,0,15000
800,Male,Below 18,Western,Single,Dependant,0,5000
801,Male,Below 18,Central,Single,Dependant,0,2500
802,Male,Below 18,Central,Single,Dependant,0,2000
803,Male,Below 18,Sabaragamuwa,Single,Dependant,0,0
804,Male,Below 18,Sabaragamuwa,Single,Dependant,0,0
805,Male,Below 18,Sabaragamuwa,Single,Dependant,0,0
806,Male,Below 18,Sabaragamuwa,Single,Dependant,0,0
807,Male,Below 18,Sabaragamuwa,Single,Dependant,0,0
808,Male,Below 18,Sabaragamuwa,Single,Dependant,0,0
809,Male,Below 18,Sabaragamuwa,Single,Dependant,0,0
810,Male,Below 18,Sabaragamuwa,Single,Dependant,0,0
811,Male,Below 18,Sabaragamuwa,Single,Dependant,0,0
812,Male,Below 18,Sabaragamuwa,Single,Dependant,0,0
813,Male,Below 18,Sabaragamuwa,Single,Indep,12000,0
814,Male,26 - 30,Eastern,Single,Indep,35000,1000
815,Male,26 - 30,Eastern,Single,Indep,30000,2000
816,Male,26 - 30,Eastern,Single,Indep,40000,2000
817,Male,26 - 30,North Central,Single,Indep,38000,1000
818,Male,26 - 30,North Central,Single,Indep,42000,1000
819,Male,26 - 30,North Central,Single,Indep,45000,1000
820,Male,26 - 30,Uva,Single,Indep,45000,0
821,Male,26 - 30,Uva,Single,Indep,30000,0
822,Male,26 - 30,Uva,Single,Indep,25000,0
823,Male,26 - 30,Uva,Single,Indep,35000,0
824,Male,26 - 30,Uva,Single,Indep,40000,0
825,Male,26 - 30,North Western,Single,Indep,60000,2500
826,Male,26 - 30,North Western,Single,Indep,55000,0
827,Male,26 - 30,North Western,Single,Indep,58000,2000
828,Male,26 - 30,North Western,Single,Indep,55000,2000
829,Male,26 - 30,North Western,Single,Indep,45000,2000
830,Male,26 - 30,North Western,Single,Indep,30000,0
831,Male,26 - 30,Sabaragamuwa,Single,Indep,42000,3500
832,Male,26 - 30,Sabaragamuwa,Single,Indep,41000,3500
833,Male,26 - 30,Sabaragamuwa,Single,Indep,40000,3500
834,Male,26 - 30,Sabaragamuwa,Single,Indep,56000,3500
835,Male,26 - 30,Sabaragamuwa,Single,Indep,55000,3500
836,Male,26 - 30,Sabaragamuwa,Single,Indep,58000,3500
837,Male,26 - 30,Sabaragamuwa,Single,Indep,63000,4500
838,Male,26 - 30,Sabaragamuwa,Single,Indep,67000,4500
839,Male,26 - 30,Sabaragamuwa,Single,Indep,71000,4500
840,Male,26 - 30,Sabaragamuwa,Single,Indep,70000,4500
841,Male,26 - 30,Southern,Single,Indep,65000,3500
842,Male,26 - 30,Southern,Single,Indep,60000,3000
843,Male,26 - 30,Southern,Single,Indep,150000,6000
844,Male,26 - 30,Southern,Single,Indep,125000,5000
845,Male,26 - 30,Southern,Single,Indep,85000,2500
846,Male,26 - 30,Central,Single,Indep,90000,3500
847,Male,26 - 30,Central,Single,Indep,95000,3500
848,Male,26 - 30,Central,Single,Indep,85000,3000
849,Male,26 - 30,Central,Single,Indep,120000,5000
850,Male,26 - 30,Central,Single,Indep,100000,6000
851,Male,26 - 30,Western,Single,Indep,48000,3000
852,Male,26 - 30,Western,Single,Indep,55000,4000
853,Male,26 - 30,Western,Single,Indep,65000,4000
854,Male,26 - 30,Western,Married,Indep,72000,5000
855,Male,26 - 30,Western,Married,Indep,90000,5000
856,Male,26 - 30,Central,Single,Indep,45000,2500
857,Male,26 - 30,Central,Single,Indep,55000,2000
858,Male,26 - 30,Western,Single,Indep,70000,4000
859,Male,26 - 30,Western,Single,Indep,90000,5000
860,Male,18 - 25,Sabaragamuwa,Single,Indep,72000,4500
861,Male,18 - 25,Sabaragamuwa,Single,Indep,42000,3500
862,Male,18 - 25,Sabaragamuwa,Single,Indep,41000,3500
863,Male,18 - 25,Central,Single,Indep,25000,1500
864,Male,18 - 25,Central,Single,Indep,35000,2000
865,Male,18 - 25,Central,Single,Indep,42000,2500
866,Male,18 - 25,Central,Single,Indep,55000,2500
867,Male,18 - 25,Central,Single,Indep,75000,3000
868,Male,18 - 25,Western,Single,Indep,20000,3000
869,Male,18 - 25,Western,Single,Indep,32000,3500
870,Male,31 - 40,Western,Single,Indep,65000,4000
871,Male,31 - 40,Western,Single,Indep,80000,5000
872,Male,31 - 40,Western,Single,Indep,160000,10000
873,Male,31 - 40,Central,Single,Indep,500000,20000
874,Male,31 - 40,Central,Single,Indep,110000,5000
875,Male,31 - 40,Central,Single,Indep,580000,20000
876,Male,31 - 40,Central,Single,Indep,370000,20000
877,Male,31 - 40,Western,Single,Indep,250000,15000
878,Male,31 - 40,Sabaragamuwa,Single,Indep,40000,3500
879,Male,31 - 40,Sabaragamuwa,Single,Indep,56000,3500
880,Male,31 - 40,Sabaragamuwa,Single,Indep,55000,3500
881,Male,31 - 40,Sabaragamuwa,Single,Indep,58000,3500
882,Male,31 - 40,Sabaragamuwa,Single,Indep,63000,4500
883,Male,31 - 40,Eastern,Married,Indep,58000,2000
884,Male,31 - 40,Uva,Married,Indep,67000,3000
885,Male,31 - 40,Uva,Married,Indep,64000,2000
886,Male,31 - 40,North Western,Married,Indep,55000,2000
887,Male,31 - 40,North Western,Married,Indep,50000,2000
888,Male,31 - 40,North Western,Married,Indep,60000,0
889,Male,31 - 40,Sabaragamuwa,Married,Indep,58000,4000
890,Male,31 - 40,Sabaragamuwa,Married,Indep,63000,4000
891,Male,31 - 40,Sabaragamuwa,Married,Indep,67000,4000
892,Male,31 - 40,Sabaragamuwa,Married,Indep,71000,4000
893,Male,31 - 40,Sabaragamuwa,Married,Indep,70000,4000
894,Male,31 - 40,Sabaragamuwa,Married,Indep,72000,4000
895,Male,31 - 40,Sabaragamuwa,Married,Indep,72000,4000
896,Male,31 - 40,Sabaragamuwa,Married,Indep,75000,4000
897,Male,31 - 40,Sabaragamuwa,Married,Indep,90000,4000
898,Male,31 - 40,Sabaragamuwa,Married,Indep,85000,3500
899,Male,31 - 40,Sabaragamuwa,Married,Indep,100000,5000
900,Male,31 - 40,Sabaragamuwa,Married,Indep,110000,5000
901,Male,31 - 40,Sabaragamuwa,Married,Indep,63000,4000
902,Male,31 - 40,Sabaragamuwa,Married,Indep,67000,4000
903,Male,31 - 40,Sabaragamuwa,Married,Indep,71000,4000
904,Male,31 - 40,Sabaragamuwa,Married,Indep,70000,4000
905,Male,31 - 40,Sabaragamuwa,Married,Indep,72000,4000
906,Male,31 - 40,Sabaragamuwa,Married,Indep,72000,4000
907,Male,31 - 40,Sabaragamuwa,Married,Indep,72000,4000
908,Male,31 - 40,Southern,Married,Indep,84000,0
909,Male,31 - 40,Southern,Married,Indep,76000,0
910,Male,31 - 40,Southern,Married,Indep,66000,3500
911,Male,31 - 40,Southern,Married,Indep,97500,3500
912,Male,31 - 40,Central,Married,Indep,250000,10000
913,Male,31 - 40,Central,Married,Indep,100000,6000
914,Male,31 - 40,Central,Married,Indep,200000,10000
915,Male,31 - 40,Central,Married,Indep,140000,6000
916,Male,31 - 40,Central,Married,Indep,55000,2500
917,Male,31 - 40,Central,Married,Indep,67000,3500
918,Male,31 - 40,Central,Married,Indep,49000,2500
919,Male,31 - 40,Central,Married,Indep,38000,2000
920,Male,31 - 40,Central,Married,Indep,90000,3500
921,Male,31 - 40,Central,Married,Indep,135000,6000
922,Male,31 - 40,Central,Married,Indep,155000,6000
923,Male,31 - 40,Central,Married,Indep,39000,2500
924,Male,31 - 40,Central,Married,Indep,37000,2000
925,Male,31 - 40,Central,Married,Indep,42000,2500
926,Male,31 - 40,Central,Married,Indep,71000,2500
927,Male,31 - 40,Western,Married,Indep,50000,3000
928,Male,31 - 40,Western,Married,Indep,58000,4000
929,Male,31 - 40,Western,Married,Indep,60000,4000
930,Male,31 - 40,Western,Married,Indep,65000,4000
931,Male,31 - 40,Western,Married,Indep,70000,4000
932,Male,31 - 40,Western,Married,Indep,75000,5000
933,Male,31 - 40,Western,Married,Indep,80000,5000
934,Male,31 - 40,Western,Married,Indep,130000,10000
935,Male,31 - 40,Western,Married,Indep,120000,10000
936,Male,31 - 40,Western,Married,Indep,200000,15000
937,Male,31 - 40,Western,Married,Indep,300000,15000
938,Male,31 - 40,Central,Married,Indep,450000,10000
939,Male,31 - 40,Central,Married,Indep,50000,2500
940,Male,31 - 40,Central,Married,Indep,58000,3000
941,Male,31 - 40,Central,Married,Indep,60000,3000
942,Male,31 - 40,Central,Married,Indep,62000,3000
943,Male,31 - 40,Western,Married,Indep,400000,20000
944,Male,31 - 40,Western,Married,Indep,320000,15000
945,Male,31 - 40,Western,Married,Indep,500000,20000
946,Female,18 - 25,Southern,Single,Dependant,0,2000
947,Female,18 - 25,Southern,Single,Indep,30000,2000
948,Female,26 - 30,Southern,Married,Indep,68000,10000
949,Male,31 - 40,Southern,Married,Indep,70000,0
950,Female,18 - 25,Western,Single,Indep,15000,6000
951,Female,26 - 30,Southern,Single,Indep,100000,10000
952,Male,18 - 25,Southern,Single,Indep,100000,10000
953,Female,26 - 30,Western,Single,Indep,30000,15000
954,Female,26 - 30,Western,Married,Indep,60000,4000
955,Female,18 - 25,Western,Single,Dependant,0,1500
956,Female,26 - 30,Uva,Married,Indep,69000,3000
957,Male,18 - 25,Western,Single,Dependant,0,8000
958,Female,18 - 25,Southern,Single,Dependant,0,10000
959,Female,26 - 30,Western,Single,Indep,70000,5000
960,Female,18 - 25,Western,Single,Dependant,0,5000
961,Female,18 - 25,Southern,Single,Dependant,0,5000
962,Female,18 - 25,Western,Single,Dependant,0,5000
963,Female,18 - 25,Southern,Single,Dependant,0,0
964,Female,18 - 25,Southern,Single,Dependant,0,4000
965,Female,18 - 25,Southern,Single,Indep,130000,10000
966,Female,18 - 25,Southern,Single,Dependant,0,5000
967,Female,18 - 25,Southern,Single,Indep,30000,10000
968,Female,26 - 30,North Western,Single,Dependant,0,4000
969,Female,26 - 30,Western,Single,Indep,70000,3000
970,Female,18 - 25,Western,Married,Indep,150000,15000
971,Female,18 - 25,Southern,Single,Dependant,0,2000
972,Male,18 - 25,Western,Single,Dependant,0,10000
973,Male,18 - 25,Western,Single,Indep,80000,5000
974,Female,18 - 25,Southern,Single,Dependant,0,10000
975,Male,18 - 25,Western,Single,Dependant,0,10000
976,Male,18 - 25,Western,Single,Indep,100000,10000
977,Female,18 - 25,Western,Single,Dependant,0,5000
978,Female,18 - 25,Southern,Single,Indep,40000,5000
979,Male,18 - 25,Western,Single,Dependant,0,3000
980,Female,26 - 30,Western,Single,Indep,35000,10000
981,Female,18 - 25,Western,Single,Indep,30000,5000
982,Female,26 - 30,Western,Single,Indep,30000,3000
983,Female,26 - 30,Western,Single,Indep,30000,2000
984,Female,18 - 25,Western,Single,Indep,32000,0
985,Male,18 - 25,Western,Single,Indep,30000,0
986,Female,18 - 25,Western,Single,Indep,150000,10000
987,Male,18 - 25,Western,Single,Indep,20000,1500
988,Female,26 - 30,Western,Single,Dependant,0,10000
989,Male,18 - 25,Western,Single,Dependant,0,2000
990,Male,18 - 25,Western,Single,Indep,50000,15000
991,Female,18 - 25,Southern,Single,Dependant,0,6000
992,Female,18 - 25,Central,Single,Dependant,0,6000
993,Female,18 - 25,Western,Single,Indep,25000,1000
994,Male,18 - 25,Western,Single,Dependant,0,5000
995,Male,18 - 25,Western,Single,Dependant,0,0
996,Male,26 - 30,Western,Single,Indep,120000,3000
997,Male,18 - 25,Western,Single,Indep,20000,10000
998,Male,18 - 25,Southern,Single,Dependant,0,2000
999,Female,18 - 25,Western,Single,Dependant,0,20000
1000,Female,18 - 25,Southern,Single,Indep,10000,1000
1001,Female,18 - 25,Central,Single,Dependant,0,5000
1002,Female,18 - 25,North Western,Single,Indep,50000,10000
1003,Male,18 - 25,Sabaragamuwa,Single,Indep,40000,5000
1004,Male,18 - 25,Southern,Single,Dependant,0,5000
1005,Female,18 - 25,Southern,Single,Dependant,0,4000
1006,Female,18 - 25,Southern,Single,Indep,27000,6000
1007,Female,18 - 25,Southern,Single,Dependant,0,2000
1008,Male,18 - 25,Western,Single,Indep,20000,2000
1009,Female,18 - 25,Sabaragamuwa,Single,Indep,150000,12000
1010,Male,18 - 25,Western,Single,Indep,15000,5000
1011,Female,18 - 25,Southern,Single,Dependant,0,5000
1012,Female,18 - 25,Central,Single,Indep,200000,75000
1013,Female,18 - 25,Southern,Single,Dependant,0,5000
1014,Female,18 - 25,Western,Single,Indep,34000,5000
1015,Female,26 - 30,Southern,Single,Indep,25000,5000
1016,Male,18 - 25,Western,Single,Dependant,0,15000
1017,Male,18 - 25,Sabaragamuwa,Married,Indep,200000,1500
1018,Male,26 - 30,Southern,Single,Indep,330000,10000
1019,Male,26 - 30,Western,Married,Indep,100000,7500
1020,Male,26 - 30,Western,Single,Indep,170000,5000
1021,Male,18 - 25,Western,Single,Indep,40000,0
1022,Male,26 - 30,Southern,Married,Indep,60000,4000
1023,Male,26 - 30,Southern,Single,Indep,550000,10000
1024,Male,26 - 30,Southern,Married,Indep,105000,10000
1025,Male,26 - 30,Southern,Single,Indep,600000,30000
1026,Male,18 - 25,Western,Single,Indep,45000,0
1027,Male,26 - 30,Southern,Single,Indep,400000,10000
1028,Female,18 - 25,Southern,Single,Dependant,0,6000
1029,Male,18 - 25,Western,Single,Indep,20000,0
1030,Female,18 - 25,Southern,Single,Dependant,0,2000
1031,Male,18 - 25,Western,Single,Dependant,0,10000
1032,Male,26 - 30,Sabaragamuwa,Single,Indep,45000,0
1033,Female,Below 18,Eastern,Single,Dependant,0,2000
1034,Male,Below 18,Southern,Single,Dependant,0,0
1035,Male,Below 18,Western,Single,Dependant,0,0
1036,Female,18 - 25,Southern,Single,Dependant,0,20000
1037,Female,26 - 30,Western,Single,Dependant,0,3000
1038,Female,18 - 25,Southern,Single,Indep,30000,5000
1039,Female,18 - 25,Southern,Single,Indep,15000,6000
1040,Female,18 - 25,Southern,Single,Indep,30000,2000
1041,Female,18 - 25,Central,Married,Dependant,0,5000
1042,Female,18 - 25,Central,Single,Dependant,0,3000
1043,Female,18 - 25,Western,Single,Dependant,0,1000
1044,Female,18 - 25,Western,Single,Dependant,0,20000
1045,Male,31 - 40,Southern,Single,Indep,120000,10000
1046,Female,18 - 25,Central,Married,Indep,90000,25000
1047,Female,18 - 25,Western,Single,Indep,35000,9000
1048,Male,18 - 25,Western,Single,Indep,50000,5000
1049,Female,18 - 25,Southern,Single,Dependant,0,2500
1050,Female,18 - 25,Western,Single,Dependant,0,1500
1051,Female,18 - 25,Southern,Single,Indep,30000,0
1052,Female,18 - 25,Western,Single,Dependant,0,30000
1053,Female,18 - 25,Southern,Single,Indep,22000,5000
1054,Female,18 - 25,Southern,Single,Indep,50000,5000
1055,Female,26 - 30,North Western,Single,Indep,140000,10000
1056,Female,26 - 30,Southern,Single,Dependant,0,20000
1057,Female,26 - 30,Southern,Single,Indep,60000,5000
1058,Female,26 - 30,Southern,Single,Dependant,0,6000
1059,Female,31 - 40,North Central,Single,Indep,55000,5000
1060,Female,31 - 40,North Central,Single,Indep,50000,4000
1061,Female,31 - 40,North Central,Single,Indep,67000,5000
1062,Female,31 - 40,Central,Married,Indep,67000,4000
1063,Female,31 - 40,Western,Married,Indep,48000,3000
1064,Female,31 - 40,Western,Married,Indep,50000,5000
1065,Female,31 - 40,Western,Married,Indep,90000,5000
1066,Female,31 - 40,Western,Married,Indep,100000,10000
1067,Female,31 - 40,Eastern,Married,Indep,60000,3000
1068,Female,31 - 40,Eastern,Married,Indep,55000,2000
1069,Female,18 - 25,Eastern,Single,Indep,30000,2000
1070,Female,18 - 25,Eastern,Single,Indep,35000,2000
1071,Female,18 - 25,Uva,Single,Indep,25000,2000
1072,Female,18 - 25,Uva,Single,Indep,30000,1500
1073,Female,18 - 25,Uva,Single,Indep,15000,1500
1074,Female,18 - 25,Uva,Single,Indep,15000,1000
1075,Female,18 - 25,North Western,Single,Indep,20000,3000
1076,Female,18 - 25,North Western,Single,Indep,45000,3500
1077,Female,18 - 25,Southern,Single,Indep,41000,4000
1078,Female,18 - 25,Southern,Single,Indep,25000,2500
1079,Female,18 - 25,Southern,Single,Indep,38000,3000
1080,Female,18 - 25,Southern,Single,Indep,28000,2000
1081,Female,18 - 25,Southern,Single,Indep,35000,2500
1082,Female,18 - 25,Central,Single,Indep,85000,6000
1083,Female,18 - 25,Central,Single,Indep,65000,3500
1084,Female,18 - 25,North Central,Single,Indep,28000,2000
1085,Female,18 - 25,North Central,Single,Indep,30000,2500
1086,Female,18 - 25,North Central,Single,Indep,30000,2500
1087,Female,18 - 25,Nothern,Single,Indep,20000,2000
1088,Female,Below 18,Sabaragamuwa,Single,Dependant,0,1000
1089,Female,Below 18,Sabaragamuwa,Single,Indep,15000,1000
1090,Female,Below 18,Sabaragamuwa,Single,Dependant,0,0
1091,Female,Below 18,Sabaragamuwa,Single,Dependant,0,0
1092,Female,Below 18,Sabaragamuwa,Single,Dependant,0,0
1093,Female,Below 18,Southern,Single,Dependant,0,1000
1094,Female,Below 18,Southern,Single,Dependant,0,2000
1095,Female,Below 18,Southern,Single,Dependant,0,2500
1096,Female,Below 18,Southern,Single,Dependant,0,2000
1097,Female,Below 18,Southern,Single,Dependant,0,1000
1098,Female,Below 18,Southern,Single,Dependant,0,1500
1099,Female,Below 18,Southern,Single,Dependant,0,1500
1100,Female,Below 18,Southern,Single,Dependant,0,2000
1101,Female,Below 18,Southern,Single,Dependant,0,2000
1102,Female,Below 18,Southern,Single,Dependant,0,1500
1103,Female,Below 18,Southern,Single,Dependant,0,1000
1104,Female,Below 18,Southern,Single,Dependant,0,2000
1105,Female,Below 18,Southern,Single,Dependant,0,0
1106,Female,Below 18,Southern,Single,Dependant,0,0
1107,Female,Below 18,Southern,Single,Dependant,0,0
1108,Female,Below 18,Southern,Single,Dependant,0,0
1109,Female,Below 18,Central,Single,Dependant,0,0
1110,Female,Below 18,Central,Single,Dependant,0,0
1111,Female,Below 18,Central,Single,Dependant,0,2000
1112,Female,Below 18,Central,Single,Dependant,0,2000
1113,Female,Below 18,Central,Single,Dependant,0,1500
1114,Female,Below 18,Central,Single,Dependant,0,2000
1115,Female,Below 18,Central,Single,Dependant,0,1500
1116,Female,Below 18,Central,Single,Dependant,0,2500
1117,Female,Below 18,Central,Single,Dependant,0,3000
1118,Female,Below 18,Central,Single,Dependant,0,2000
1119,Female,Below 18,Western,Single,Dependant,0,5000
1120,Female,Below 18,Western,Single,Dependant,0,5000
1121,Female,Below 18,Western,Single,Dependant,0,4000
1122,Female,Below 18,Western,Single,Dependant,0,3500
1123,Female,Below 18,Western,Single,Dependant,0,2500
1124,Female,Below 18,Western,Single,Dependant,0,2000
1125,Female,Below 18,Western,Single,Dependant,0,3500
1126,Female,Below 18,Western,Single,Dependant,0,3000
1127,Female,Below 18,Western,Single,Dependant,0,5000
1128,Female,Below 18,Western,Single,Dependant,0,2000
1129,Female,Below 18,Western,Single,Dependant,0,0
1130,Female,Below 18,Central,Single,Dependant,0,0
1131,Female,Below 18,Central,Single,Dependant,0,2000
1132,Female,Below 18,Central,Single,Dependant,0,2000
1133,Female,Below 18,Central,Single,Dependant,0,2500
1134,Female,Below 18,Central,Single,Dependant,0,3000
1135,Female,Below 18,Central,Single,Dependant,0,2500
1136,Female,Below 18,Central,Single,Dependant,0,1500
1137,Female,Below 18,Central,Single,Dependant,0,0
1138,Female,Below 18,Central,Single,Dependant,0,2000
1139,Female,Below 18,Western,Single,Dependant,0,3000
1140,Female,Below 18,Western,Single,Dependant,0,3500
1141,Female,Below 18,Western,Single,Dependant,0,2000
1142,Female,Below 18,North Western,Single,Dependant,0,2000
1143,Female,Below 18,North Western,Single,Dependant,0,2000
1144,Female,Below 18,North Western,Single,Dependant,0,1500
1145,Female,26 - 30,North Central,Single,Indep,30000,2000
1146,Female,26 - 30,North Central,Single,Indep,38000,3500
1147,Female,26 - 30,North Central,Single,Indep,35000,3500
1148,Female,26 - 30,Uva,Single,Indep,35000,1500
1149,Female,26 - 30,Uva,Single,Indep,40000,2000
1150,Female,26 - 30,Uva,Single,Indep,40000,2000
1151,Female,26 - 30,North Western,Single,Indep,65000,2000
1152,Female,26 - 30,North Western,Single,Indep,30000,3000
1153,Female,26 - 30,Sabaragamuwa,Single,Indep,42000,3500
1154,Female,26 - 30,Sabaragamuwa,Single,Indep,41000,3500
1155,Female,26 - 30,Sabaragamuwa,Single,Indep,40000,3500
1156,Female,26 - 30,Sabaragamuwa,Single,Indep,56000,4000
1157,Female,26 - 30,Sabaragamuwa,Single,Indep,55000,4000
1158,Female,26 - 30,Sabaragamuwa,Single,Indep,58000,4000
1159,Female,26 - 30,Sabaragamuwa,Single,Indep,63000,4000
1160,Female,26 - 30,Sabaragamuwa,Single,Indep,67000,4500
1161,Female,26 - 30,Sabaragamuwa,Single,Indep,71000,4500
1162,Female,26 - 30,Sabaragamuwa,Single,Indep,70000,5000
1163,Female,26 - 30,Sabaragamuwa,Single,Indep,72000,4000
1164,Female,26 - 30,Sabaragamuwa,Single,Indep,42000,4000
1165,Female,26 - 30,Sabaragamuwa,Single,Indep,41000,4000
1166,Female,26 - 30,Sabaragamuwa,Single,Indep,40000,4000
1167,Female,26 - 30,Sabaragamuwa,Single,Indep,56000,4000
1168,Female,26 - 30,Sabaragamuwa,Single,Indep,55000,4000
1169,Female,26 - 30,Sabaragamuwa,Single,Indep,58000,4000
1170,Female,26 - 30,Sabaragamuwa,Single,Indep,63000,4500
1171,Female,26 - 30,Sabaragamuwa,Single,Indep,67000,5000
1172,Female,26 - 30,Sabaragamuwa,Single,Indep,71000,5000
1173,Female,26 - 30,Sabaragamuwa,Single,Indep,170000,10000
1174,Female,26 - 30,Southern,Single,Indep,45000,3000
1175,Female,26 - 30,Southern,Single,Indep,48000,4000
1176,Female,26 - 30,Southern,Single,Indep,38000,3500
1177,Female,26 - 30,Southern,Single,Indep,67000,4000
1178,Female,26 - 30,Southern,Single,Indep,70000,4000
1179,Female,26 - 30,Southern,Single,Indep,88000,5000
1180,Female,26 - 30,Southern,Single,Indep,75000,4500
1181,Female,26 - 30,Southern,Single,Indep,55000,3500
1182,Female,26 - 30,Southern,Single,Indep,60000,4000
1183,Female,26 - 30,Southern,Single,Indep,110000,5000
1184,Female,26 - 30,Southern,Single,Indep,95000,5000
1185,Female,26 - 30,Central,Single,Indep,55000,4000
1186,Female,26 - 30,Central,Single,Indep,45000,3000
1187,Female,26 - 30,Central,Single,Indep,80000,3500
1188,Female,26 - 30,Central,Single,Indep,65000,3500
1189,Female,26 - 30,Central,Single,Indep,130000,5000
1190,Female,26 - 30,Central,Single,Indep,100000,5000
1191,Female,26 - 30,Central,Single,Indep,75000,1500
1192,Female,26 - 30,Central,Single,Indep,35000,1000
1193,Female,26 - 30,Central,Single,Indep,28000,1000
1194,Female,26 - 30,Central,Single,Indep,45000,1500
1195,Female,26 - 30,Central,Single,Indep,58000,1800
1196,Female,26 - 30,Central,Single,Dependant,0,6000
1197,Female,26 - 30,Central,Single,Dependant,0,10000
1198,Female,26 - 30,Central,Single,Dependant,0,12000
1199,Female,26 - 30,Central,Single,Dependant,0,10000
1200,Female,26 - 30,Western,Single,Indep,62000,4000
1201,Female,26 - 30,Western,Single,Indep,70000,4000
1202,Female,26 - 30,Western,Married,Indep,35000,3500
1203,Female,26 - 30,Western,Married,Indep,40000,4000
1204,Female,26 - 30,Western,Married,Indep,52000,4000
1205,Female,26 - 30,Western,Married,Indep,70000,4000
1206,Female,26 - 30,Western,Married,Indep,80000,5000
1207,Female,26 - 30,Central,Married,Indep,65000,2000
1208,Female,26 - 30,Central,Married,Indep,70000,2500
1209,Female,26 - 30,Central,Married,Indep,38000,2000
1210,Female,26 - 30,Central,Single,Indep,95000,2500
1211,Female,26 - 30,Central,Single,Indep,80000,2500
1212,Female,26 - 30,Western,Single,Indep,120000,10000
1213,Female,26 - 30,Western,Single,Indep,60000,4000
1214,Female,31 - 40,Western,Single,Indep,72000,5000
1215,Female,31 - 40,Nothern,Married,Indep,58000,1500
1216,Female,31 - 40,Nothern,Married,Indep,63000,1500
1217,Female,31 - 40,North Central,Married,Indep,57000,4000
1218,Female,31 - 40,North Central,Married,Indep,63000,5000
1219,Female,31 - 40,North Western,Married,Indep,120000,3000
1220,Female,31 - 40,North Western,Married,Indep,70000,2500
1221,Female,31 - 40,Sabaragamuwa,Married,Indep,65000,4000
1222,Female,31 - 40,Sabaragamuwa,Married,Indep,80000,5000
1223,Female,31 - 40,Sabaragamuwa,Married,Indep,61000,3500
1224,Female,31 - 40,Sabaragamuwa,Married,Indep,75000,4000
1225,Female,31 - 40,Sabaragamuwa,Married,Indep,70000,4000
1226,Female,31 - 40,Western,Married,Indep,38000,3500
1227,Female,31 - 40,Western,Married,Indep,120000,10000
1228,Female,31 - 40,Western,Married,Indep,150000,15000
1229,Female,31 - 40,Western,Married,Indep,180000,15000
1230,Female,31 - 40,Central,Married,Dependant,0,5000
1231,Female,31 - 40,Eastern,Married,Indep,30000,2000
1232,Male,18 - 25,Eastern,Single,Dependant,0,2000
1233,Male,18 - 25,Eastern,Single,Indep,25000,2000
1234,Male,18 - 25,North Central,Single,Indep,15000,1000
1235,Male,18 - 25,North Central,Single,Indep,15000,1500
1236,Male,18 - 25,North Central,Single,Indep,20000,2000
1237,Male,18 - 25,Uva,Single,Indep,20000,0
1238,Male,18 - 25,Uva,Single,Indep,25000,0
1239,Male,18 - 25,Uva,Single,Indep,30000,0
1240,Male,18 - 25,Uva,Single,Indep,30000,0
1241,Male,18 - 25,Sabaragamuwa,Single,Indep,25000,2000
1242,Male,18 - 25,Sabaragamuwa,Single,Indep,27000,2500
1243,Male,18 - 25,Sabaragamuwa,Single,Indep,29000,2500
1244,Male,18 - 25,Sabaragamuwa,Single,Indep,30000,2500
1245,Male,18 - 25,Sabaragamuwa,Single,Indep,32000,2500
1246,Male,18 - 25,Central,Single,Dependant,0,8000
1247,Male,18 - 25,Central,Single,Dependant,0,5000
1248,Male,18 - 25,Nothern,Single,Dependant,0,1000
1249,Male,18 - 25,Nothern,Single,Dependant,0,0
1250,Male,Below 18,Southern,Single,Dependant,0,2000
1251,Male,Below 18,Southern,Single,Dependant,0,2000
1252,Male,Below 18,Southern,Single,Dependant,0,1500
1253,Male,Below 18,Southern,Single,Dependant,0,1000
1254,Male,Below 18,Southern,Single,Dependant,0,1500
1255,Male,Below 18,Southern,Single,Dependant,0,1000
1256,Male,Below 18,Southern,Single,Dependant,0,0
1257,Male,Below 18,Southern,Single,Dependant,0,0
1258,Male,Below 18,Southern,Single,Dependant,0,0
1259,Male,Below 18,Southern,Single,Dependant,0,0
1260,Male,Below 18,Southern,Single,Dependant,0,0
1261,Male,Below 18,Southern,Single,Dependant,0,0
1262,Male,Below 18,Southern,Single,Dependant,0,0
1263,Male,Below 18,Southern,Single,Dependant,0,0
1264,Male,Below 18,Southern,Single,Dependant,0,0
1265,Male,Below 18,Central,Single,Dependant,0,2000
1266,Male,Below 18,Central,Single,Dependant,0,2500
1267,Male,Below 18,Central,Single,Dependant,0,3000
1268,Male,Below 18,Central,Single,Dependant,0,3500
1269,Male,Below 18,Central,Single,Dependant,0,2000
1270,Male,Below 18,Western,Single,Dependant,0,10000
1271,Male,Below 18,Western,Single,Dependant,0,10000
1272,Male,Below 18,Western,Single,Dependant,0,15000
1273,Male,Below 18,Western,Single,Dependant,0,5000
1274,Male,Below 18,Central,Single,Dependant,0,2500
1275,Male,Below 18,Central,Single,Dependant,0,2000
1276,Male,Below 18,Sabaragamuwa,Single,Dependant,0,0
1277,Male,Below 18,Sabaragamuwa,Single,Dependant,0,0
1278,Male,Below 18,Sabaragamuwa,Single,Dependant,0,0
1279,Male,Below 18,Sabaragamuwa,Single,Dependant,0,0
1280,Male,Below 18,Sabaragamuwa,Single,Dependant,0,0
1281,Male,Below 18,Sabaragamuwa,Single,Dependant,0,0
1282,Male,Below 18,Sabaragamuwa,Single,Dependant,0,0
1283,Male,Below 18,Sabaragamuwa,Single,Dependant,0,0
1284,Male,Below 18,Sabaragamuwa,Single,Dependant,0,0
1285,Male,Below 18,Sabaragamuwa,Single,Dependant,0,0
1286,Male,Below 18,Sabaragamuwa,Single,Indep,12000,0
1287,Male,26 - 30,Eastern,Single,Indep,35000,1000
1288,Male,26 - 30,Eastern,Single,Indep,30000,2000
1289,Male,26 - 30,Eastern,Single,Indep,40000,2000
1290,Male,26 - 30,North Central,Single,Indep,38000,1000
1291,Male,26 - 30,North Central,Single,Indep,42000,1000
1292,Male,26 - 30,North Central,Single,Indep,45000,1000
1293,Male,26 - 30,Uva,Single,Indep,45000,0
1294,Male,26 - 30,Uva,Single,Indep,30000,0
1295,Male,26 - 30,Uva,Single,Indep,25000,0
1296,Male,26 - 30,Uva,Single,Indep,35000,0
1297,Male,26 - 30,Uva,Single,Indep,40000,0
1298,Male,26 - 30,North Western,Single,Indep,60000,2500
1299,Male,26 - 30,North Western,Single,Indep,55000,0
1300,Male,26 - 30,North Western,Single,Indep,58000,2000
1301,Male,26 - 30,North Western,Single,Indep,55000,2000
1302,Male,26 - 30,North Western,Single,Indep,45000,2000
1303,Male,26 - 30,North Western,Single,Indep,30000,0
1304,Male,26 - 30,Sabaragamuwa,Single,Indep,42000,3500
1305,Male,26 - 30,Sabaragamuwa,Single,Indep,41000,3500
1306,Male,26 - 30,Sabaragamuwa,Single,Indep,40000,3500
1307,Male,26 - 30,Sabaragamuwa,Single,Indep,56000,3500
1308,Male,26 - 30,Sabaragamuwa,Single,Indep,55000,3500
1309,Male,26 - 30,Sabaragamuwa,Single,Indep,58000,3500
1310,Male,26 - 30,Sabaragamuwa,Single,Indep,63000,4500
1311,Male,26 - 30,Sabaragamuwa,Single,Indep,67000,4500
1312,Male,26 - 30,Sabaragamuwa,Single,Indep,71000,4500
1313,Male,26 - 30,Sabaragamuwa,Single,Indep,70000,4500
1314,Male,26 - 30,Southern,Single,Indep,65000,3500
1315,Male,26 - 30,Southern,Single,Indep,60000,3000
1316,Male,26 - 30,Southern,Single,Indep,150000,6000
1317,Male,26 - 30,Southern,Single,Indep,125000,5000
1318,Male,26 - 30,Southern,Single,Indep,85000,2500
1319,Male,26 - 30,Central,Single,Indep,90000,3500
1320,Male,26 - 30,Central,Single,Indep,95000,3500
1321,Male,26 - 30,Central,Single,Indep,85000,3000
1322,Male,26 - 30,Central,Single,Indep,120000,5000
1323,Male,26 - 30,Central,Single,Indep,100000,6000
1324,Male,26 - 30,Western,Single,Indep,48000,3000
1325,Male,26 - 30,Western,Single,Indep,55000,4000
1326,Male,26 - 30,Western,Single,Indep,65000,4000
1327,Male,26 - 30,Western,Married,Indep,72000,5000
1328,Male,26 - 30,Western,Married,Indep,90000,5000
1329,Male,26 - 30,Central,Single,Indep,45000,2500
1330,Male,26 - 30,Central,Single,Indep,55000,2000
1331,Male,26 - 30,Western,Single,Indep,70000,4000
1332,Male,26 - 30,Western,Single,Indep,90000,5000
1333,Male,18 - 25,Sabaragamuwa,Single,Indep,72000,4500
1334,Male,18 - 25,Sabaragamuwa,Single,Indep,42000,3500
1335,Male,18 - 25,Sabaragamuwa,Single,Indep,41000,3500
1336,Male,18 - 25,Central,Single,Indep,25000,1500
1337,Male,18 - 25,Central,Single,Indep,35000,2000
1338,Male,18 - 25,Central,Single,Indep,42000,2500
1339,Male,18 - 25,Central,Single,Indep,55000,2500
1340,Male,18 - 25,Central,Single,Indep,75000,3000
1341,Male,18 - 25,Western,Single,Indep,20000,3000
1342,Male,18 - 25,Western,Single,Indep,32000,3500
1343,Male,31 - 40,Western,Single,Indep,65000,4000
1344,Male,31 - 40,Western,Single,Indep,80000,5000
1345,Male,31 - 40,Western,Single,Indep,160000,10000
1346,Male,31 - 40,Central,Single,Indep,500000,20000
1347,Male,31 - 40,Central,Single,Indep,110000,5000
1348,Male,31 - 40,Central,Single,Indep,580000,20000
1349,Male,31 - 40,Central,Single,Indep,370000,20000
1350,Male,31 - 40,Western,Single,Indep,250000,15000
1351,Male,31 - 40,Sabaragamuwa,Single,Indep,40000,3500
1352,Male,31 - 40,Sabaragamuwa,Single,Indep,56000,3500
1353,Male,31 - 40,Sabaragamuwa,Single,Indep,55000,3500
1354,Male,31 - 40,Sabaragamuwa,Single,Indep,58000,3500
1355,Male,31 - 40,Sabaragamuwa,Single,Indep,63000,4500
1356,Male,31 - 40,Eastern,Married,Indep,58000,2000
1357,Male,31 - 40,Uva,Married,Indep,67000,3000
1358,Male,31 - 40,Uva,Married,Indep,64000,2000
1359,Male,31 - 40,North Western,Married,Indep,55000,2000
1360,Male,31 - 40,North Western,Married,Indep,50000,2000
1361,Male,31 - 40,North Western,Married,Indep,60000,0
1362,Male,31 - 40,Sabaragamuwa,Married,Indep,58000,4000
1363,Male,31 - 40,Sabaragamuwa,Married,Indep,63000,4000
1364,Male,31 - 40,Sabaragamuwa,Married,Indep,67000,4000
1365,Male,31 - 40,Sabaragamuwa,Married,Indep,71000,4000
1366,Male,31 - 40,Sabaragamuwa,Married,Indep,70000,4000
1367,Male,31 - 40,Sabaragamuwa,Married,Indep,72000,4000
1368,Male,31 - 40,Sabaragamuwa,Married,Indep,72000,4000
1369,Male,31 - 40,Sabaragamuwa,Married,Indep,75000,4000
1370,Male,31 - 40,Sabaragamuwa,Married,Indep,90000,4000
1371,Male,31 - 40,Sabaragamuwa,Married,Indep,85000,3500
1372,Male,31 - 40,Sabaragamuwa,Married,Indep,100000,5000
1373,Male,31 - 40,Sabaragamuwa,Married,Indep,110000,5000
1374,Male,31 - 40,Sabaragamuwa,Married,Indep,63000,4000
1375,Male,31 - 40,Sabaragamuwa,Married,Indep,67000,4000
1376,Male,31 - 40,Sabaragamuwa,Married,Indep,71000,4000
1377,Male,31 - 40,Sabaragamuwa,Married,Indep,70000,4000
1378,Male,31 - 40,Sabaragamuwa,Married,Indep,72000,4000
1379,Male,31 - 40,Sabaragamuwa,Married,Indep,72000,4000
1380,Male,31 - 40,Sabaragamuwa,Married,Indep,72000,4000
1381,Male,31 - 40,Southern,Married,Indep,84000,0
1382,Male,31 - 40,Southern,Married,Indep,76000,0
1383,Male,31 - 40,Southern,Married,Indep,66000,3500
1384,Male,31 - 40,Southern,Married,Indep,97500,3500
1385,Male,31 - 40,Central,Married,Indep,250000,10000
1386,Male,31 - 40,Central,Married,Indep,100000,6000
1387,Male,31 - 40,Central,Married,Indep,200000,10000
1388,Male,31 - 40,Central,Married,Indep,140000,6000
1389,Male,31 - 40,Central,Married,Indep,55000,2500
1390,Male,31 - 40,Central,Married,Indep,67000,3500
1391,Male,31 - 40,Central,Married,Indep,49000,2500
1392,Male,31 - 40,Central,Married,Indep,38000,2000
1393,Male,31 - 40,Central,Married,Indep,90000,3500
1394,Male,31 - 40,Central,Married,Indep,135000,6000
1395,Male,31 - 40,Central,Married,Indep,155000,6000
1396,Male,31 - 40,Central,Married,Indep,39000,2500
1397,Male,31 - 40,Central,Married,Indep,37000,2000
1398,Male,31 - 40,Central,Married,Indep,42000,2500
1399,Male,31 - 40,Central,Married,Indep,71000,2500
1400,Male,31 - 40,Western,Married,Indep,50000,3000
1401,Male,31 - 40,Western,Married,Indep,58000,4000
1402,Male,31 - 40,Western,Married,Indep,60000,4000
1403,Male,31 - 40,Western,Married,Indep,65000,4000
1404,Male,31 - 40,Western,Married,Indep,70000,4000
1405,Male,31 - 40,Western,Married,Indep,75000,5000
1406,Male,31 - 40,Western,Married,Indep,80000,5000
1407,Male,31 - 40,Western,Married,Indep,130000,10000
1408,Male,31 - 40,Western,Married,Indep,120000,10000
1409,Male,31 - 40,Western,Married,Indep,200000,15000
1410,Male,31 - 40,Western,Married,Indep,300000,15000
1411,Male,31 - 40,Central,Married,Indep,450000,10000
1412,Male,31 - 40,Central,Married,Indep,50000,2500
1413,Male,31 - 40,Central,Married,Indep,58000,3000
1414,Male,31 - 40,Central,Married,Indep,60000,3000
1415,Male,31 - 40,Central,Married,Indep,62000,3000
1416,Male,31 - 40,Western,Married,Indep,400000,20000
1417,Male,31 - 40,Western,Married,Indep,320000,15000
1418,Male,31 - 40,Western,Married,Indep,500000,20000
1419,Female,18 - 25,Southern,Single,Dependant,0,2000
1420,Female,18 - 25,Southern,Single,Indep,30000,2000
1421,Female,26 - 30,Southern,Married,Indep,68000,10000
1422,Male,31 - 40,Southern,Married,Indep,70000,0
1423,Female,18 - 25,Western,Single,Indep,15000,6000
1424,Female,26 - 30,Southern,Single,Indep,100000,10000
1425,Male,18 - 25,Southern,Single,Indep,100000,10000
1426,Female,26 - 30,Western,Single,Indep,30000,15000
1427,Female,26 - 30,Western,Married,Indep,60000,4000
1428,Female,18 - 25,Western,Single,Dependant,0,1500
1429,Female,26 - 30,Uva,Married,Indep,69000,3000
1430,Male,18 - 25,Western,Single,Dependant,0,8000
1431,Female,18 - 25,Southern,Single,Dependant,0,10000
1432,Female,26 - 30,Western,Single,Indep,70000,5000
1433,Female,18 - 25,Western,Single,Dependant,0,5000
1434,Female,18 - 25,Southern,Single,Dependant,0,5000
1435,Female,18 - 25,Western,Single,Dependant,0,5000
1436,Female,18 - 25,Southern,Single,Dependant,0,0
1437,Female,18 - 25,Southern,Single,Dependant,0,4000
1438,Female,18 - 25,Southern,Single,Indep,130000,10000
1439,Female,18 - 25,Southern,Single,Dependant,0,5000
1440,Female,18 - 25,Southern,Single,Indep,30000,10000
1441,Female,26 - 30,North Western,Single,Dependant,0,4000
1442,Female,26 - 30,Western,Single,Indep,70000,3000
1443,Female,18 - 25,Western,Married,Indep,150000,15000
1444,Female,18 - 25,Southern,Single,Dependant,0,2000
1445,Male,18 - 25,Western,Single,Dependant,0,10000
1446,Male,18 - 25,Western,Single,Indep,80000,5000
1447,Female,18 - 25,Southern,Single,Dependant,0,10000
1448,Male,18 - 25,Western,Single,Dependant,0,10000
1449,Male,18 - 25,Western,Single,Indep,100000,10000
1450,Female,18 - 25,Western,Single,Dependant,0,5000
1451,Female,18 - 25,Southern,Single,Indep,40000,5000
1452,Male,18 - 25,Western,Single,Dependant,0,3000
1453,Female,26 - 30,Western,Single,Indep,35000,10000
1454,Female,18 - 25,Western,Single,Indep,30000,5000
1455,Female,26 - 30,Western,Single,Indep,30000,3000
1456,Female,26 - 30,Western,Single,Indep,30000,2000
1457,Female,18 - 25,Western,Single,Indep,32000,0
1458,Male,18 - 25,Western,Single,Indep,30000,0
1459,Female,18 - 25,Western,Single,Indep,150000,10000
1460,Male,18 - 25,Western,Single,Indep,20000,1500
1461,Female,26 - 30,Western,Single,Dependant,0,10000
1462,Male,18 - 25,Western,Single,Dependant,0,2000
1463,Male,18 - 25,Western,Single,Indep,50000,15000
1464,Female,18 - 25,Southern,Single,Dependant,0,6000
1465,Female,18 - 25,Central,Single,Dependant,0,6000
1466,Female,18 - 25,Western,Single,Indep,25000,1000
1467,Male,18 - 25,Western,Single,Dependant,0,5000
1468,Male,18 - 25,Western,Single,Dependant,0,0
1469,Male,26 - 30,Western,Single,Indep,120000,3000
1470,Male,18 - 25,Western,Single,Indep,20000,10000
1471,Male,18 - 25,Southern,Single,Dependant,0,2000
1472,Female,18 - 25,Western,Single,Dependant,0,20000
1473,Female,18 - 25,Southern,Single,Indep,10000,1000
1474,Female,18 - 25,Central,Single,Dependant,0,5000
1475,Female,18 - 25,North Western,Single,Indep,50000,10000
1476,Male,18 - 25,Sabaragamuwa,Single,Indep,40000,5000
1477,Male,18 - 25,Southern,Single,Dependant,0,5000
1478,Female,18 - 25,Southern,Single,Dependant,0,4000
1479,Female,18 - 25,Southern,Single,Indep,27000,6000
1480,Female,18 - 25,Southern,Single,Dependant,0,2000
1481,Male,18 - 25,Western,Single,Indep,20000,2000
1482,Female,18 - 25,Sabaragamuwa,Single,Indep,150000,12000
1483,Male,18 - 25,Western,Single,Indep,15000,5000
1484,Female,18 - 25,Southern,Single,Dependant,0,5000
1485,Female,18 - 25,Central,Single,Indep,200000,75000
1486,Female,18 - 25,Southern,Single,Dependant,0,5000
1487,Female,18 - 25,Western,Single,Indep,34000,5000
1488,Female,26 - 30,Southern,Single,Indep,25000,5000
1489,Male,18 - 25,Western,Single,Dependant,0,15000
1490,Male,18 - 25,Sabaragamuwa,Married,Indep,200000,1500
1491,Male,26 - 30,Southern,Single,Indep,330000,10000
1492,Male,26 - 30,Western,Married,Indep,100000,7500
1493,Male,26 - 30,Western,Single,Indep,170000,5000
1494,Male,18 - 25,Western,Single,Indep,40000,0
1495,Male,26 - 30,Southern,Married,Indep,60000,4000
1496,Male,26 - 30,Southern,Single,Indep,550000,10000
1497,Male,26 - 30,Southern,Married,Indep,105000,10000
1498,Male,26 - 30,Southern,Single,Indep,600000,30000
1499,Male,18 - 25,Western,Single,Indep,45000,0
1500,Male,26 - 30,Southern,Single,Indep,400000,10000
1501,Female,18 - 25,Southern,Single,Dependant,0,6000
1502,Male,18 - 25,Western,Single,Indep,20000,0
1503,Female,18 - 25,Southern,Single,Dependant,0,2000
1504,Male,18 - 25,Western,Single,Dependant,0,10000
1505,Male,26 - 30,Sabaragamuwa,Single,Indep,45000,0
1506,Female,Below 18,Eastern,Single,Dependant,0,2000
1507,Male,Below 18,Southern,Single,Dependant,0,0
1508,Male,Below 18,Western,Single,Dependant,0,0
1509,Female,18 - 25,Southern,Single,Dependant,0,20000
1510,Female,26 - 30,Western,Single,Dependant,0,3000
1511,Female,18 - 25,Southern,Single,Indep,30000,5000
1512,Female,18 - 25,Southern,Single,Indep,15000,6000
1513,Female,18 - 25,Southern,Single,Indep,30000,2000
1514,Female,18 - 25,Central,Married,Dependant,0,5000
1515,Female,18 - 25,Central,Single,Dependant,0,3000
1516,Female,18 - 25,Western,Single,Dependant,0,1000
1517,Female,18 - 25,Western,Single,Dependant,0,20000
1518,Male,31 - 40,Southern,Single,Indep,120000,10000
1519,Female,18 - 25,Central,Married,Indep,90000,25000
1520,Female,18 - 25,Western,Single,Indep,35000,9000
1521,Male,18 - 25,Western,Single,Indep,50000,5000
1522,Female,18 - 25,Southern,Single,Dependant,0,2500
1523,Female,18 - 25,Western,Single,Dependant,0,1500
1524,Female,18 - 25,Southern,Single,Indep,30000,0
1525,Female,18 - 25,Western,Single,Dependant,0,30000
1526,Female,18 - 25,Southern,Single,Indep,22000,5000
1527,Female,18 - 25,Southern,Single,Indep,50000,5000
1528,Female,26 - 30,North Western,Single,Indep,140000,10000
1529,Female,26 - 30,Southern,Single,Dependant,0,20000
1530,Female,26 - 30,Southern,Single,Indep,60000,5000
1531,Female,26 - 30,Southern,Single,Dependant,0,6000
1532,Female,31 - 40,North Central,Single,Indep,55000,5000
1533,Female,31 - 40,North Central,Single,Indep,50000,4000
1534,Female,31 - 40,North Central,Single,Indep,67000,5000
1535,Female,31 - 40,Central,Married,Indep,67000,4000
1536,Female,31 - 40,Western,Married,Indep,48000,3000
1537,Female,31 - 40,Western,Married,Indep,50000,5000
1538,Female,31 - 40,Western,Married,Indep,90000,5000
1539,Female,31 - 40,Western,Married,Indep,100000,10000
1540,Female,31 - 40,Eastern,Married,Indep,60000,3000
1541,Female,31 - 40,Eastern,Married,Indep,55000,2000
1542,Female,18 - 25,Eastern,Single,Indep,30000,2000
1543,Female,18 - 25,Eastern,Single,Indep,35000,2000
1544,Female,18 - 25,Uva,Single,Indep,25000,2000
1545,Female,18 - 25,Uva,Single,Indep,30000,1500
1546,Female,18 - 25,Uva,Single,Indep,15000,1500
1547,Female,18 - 25,Uva,Single,Indep,15000,1000
1548,Female,18 - 25,North Western,Single,Indep,20000,3000
1549,Female,18 - 25,North Western,Single,Indep,45000,3500
1550,Female,18 - 25,Southern,Single,Indep,41000,4000
1551,Female,18 - 25,Southern,Single,Indep,25000,2500
1552,Female,18 - 25,Southern,Single,Indep,38000,3000
1553,Female,18 - 25,Southern,Single,Indep,28000,2000
1554,Female,18 - 25,Southern,Single,Indep,35000,2500
1555,Female,18 - 25,Central,Single,Indep,85000,6000
1556,Female,18 - 25,Central,Single,Indep,65000,3500
1557,Female,18 - 25,North Central,Single,Indep,28000,2000
1558,Female,18 - 25,North Central,Single,Indep,30000,2500
1559,Female,18 - 25,North Central,Single,Indep,30000,2500
1560,Female,18 - 25,Nothern,Single,Indep,20000,2000
1561,Female,Below 18,Sabaragamuwa,Single,Dependant,0,1000
1562,Female,Below 18,Sabaragamuwa,Single,Indep,15000,1000
1563,Female,Below 18,Sabaragamuwa,Single,Dependant,0,0
1564,Female,Below 18,Sabaragamuwa,Single,Dependant,0,0
1565,Female,Below 18,Sabaragamuwa,Single,Dependant,0,0
1566,Female,Below 18,Southern,Single,Dependant,0,1000
1567,Female,Below 18,Southern,Single,Dependant,0,2000
1568,Female,Below 18,Southern,Single,Dependant,0,2500
1569,Female,Below 18,Southern,Single,Dependant,0,2000
1570,Female,Below 18,Southern,Single,Dependant,0,1000
1571,Female,Below 18,Southern,Single,Dependant,0,1500
1572,Female,Below 18,Southern,Single,Dependant,0,1500
1573,Female,Below 18,Southern,Single,Dependant,0,2000
1574,Female,Below 18,Southern,Single,Dependant,0,2000
1575,Female,Below 18,Southern,Single,Dependant,0,1500
1576,Female,Below 18,Southern,Single,Dependant,0,1000
1577,Female,Below 18,Southern,Single,Dependant,0,2000
1578,Female,Below 18,Southern,Single,Dependant,0,0
1579,Female,Below 18,Southern,Single,Dependant,0,0
1580,Female,Below 18,Southern,Single,Dependant,0,0
1581,Female,Below 18,Southern,Single,Dependant,0,0
1582,Female,Below 18,Central,Single,Dependant,0,0
1583,Female,Below 18,Central,Single,Dependant,0,0
1584,Female,Below 18,Central,Single,Dependant,0,2000
1585,Female,Below 18,Central,Single,Dependant,0,2000
1586,Female,Below 18,Central,Single,Dependant,0,1500
1587,Female,Below 18,Central,Single,Dependant,0,2000
1588,Female,Below 18,Central,Single,Dependant,0,1500
1589,Female,Below 18,Central,Single,Dependant,0,2500
1590,Female,Below 18,Central,Single,Dependant,0,3000
1591,Female,Below 18,Central,Single,Dependant,0,2000
1592,Female,Below 18,Western,Single,Dependant,0,5000
1593,Female,Below 18,Western,Single,Dependant,0,5000
1594,Female,Below 18,Western,Single,Dependant,0,4000
1595,Female,Below 18,Western,Single,Dependant,0,3500
1596,Female,Below 18,Western,Single,Dependant,0,2500
1597,Female,Below 18,Western,Single,Dependant,0,2000
1598,Female,Below 18,Western,Single,Dependant,0,3500
1599,Female,Below 18,Western,Single,Dependant,0,3000
1600,Female,Below 18,Western,Single,Dependant,0,5000
1601,Female,Below 18,Western,Single,Dependant,0,2000
1602,Female,Below 18,Western,Single,Dependant,0,0
1603,Female,Below 18,Central,Single,Dependant,0,0
1604,Female,Below 18,Central,Single,Dependant,0,2000
1605,Female,Below 18,Central,Single,Dependant,0,2000
1606,Female,Below 18,Central,Single,Dependant,0,2500
1607,Female,Below 18,Central,Single,Dependant,0,3000
1608,Female,Below 18,Central,Single,Dependant,0,2500
1609,Female,Below 18,Central,Single,Dependant,0,1500
1610,Female,Below 18,Central,Single,Dependant,0,0
1611,Female,Below 18,Central,Single,Dependant,0,2000
1612,Female,Below 18,Western,Single,Dependant,0,3000
1613,Female,Below 18,Western,Single,Dependant,0,3500
1614,Female,Below 18,Western,Single,Dependant,0,2000
1615,Female,Below 18,North Western,Single,Dependant,0,2000
1616,Female,Below 18,North Western,Single,Dependant,0,2000
1617,Female,Below 18,North Western,Single,Dependant,0,1500
1618,Female,26 - 30,North Central,Single,Indep,30000,2000
1619,Female,26 - 30,North Central,Single,Indep,38000,3500
1620,Female,26 - 30,North Central,Single,Indep,35000,3500
1621,Female,26 - 30,Uva,Single,Indep,35000,1500
1622,Female,26 - 30,Uva,Single,Indep,40000,2000
1623,Female,26 - 30,Uva,Single,Indep,40000,2000
1624,Female,26 - 30,North Western,Single,Indep,65000,2000
1625,Female,26 - 30,North Western,Single,Indep,30000,3000
1626,Female,26 - 30,Sabaragamuwa,Single,Indep,42000,3500
1627,Female,26 - 30,Sabaragamuwa,Single,Indep,41000,3500
1628,Female,26 - 30,Sabaragamuwa,Single,Indep,40000,3500
1629,Female,26 - 30,Sabaragamuwa,Single,Indep,56000,4000
1630,Female,26 - 30,Sabaragamuwa,Single,Indep,55000,4000
1631,Female,26 - 30,Sabaragamuwa,Single,Indep,58000,4000
1632,Female,26 - 30,Sabaragamuwa,Single,Indep,63000,4000
1633,Female,26 - 30,Sabaragamuwa,Single,Indep,67000,4500
1634,Female,26 - 30,Sabaragamuwa,Single,Indep,71000,4500
1635,Female,26 - 30,Sabaragamuwa,Single,Indep,70000,5000
1636,Female,26 - 30,Sabaragamuwa,Single,Indep,72000,4000
1637,Female,26 - 30,Sabaragamuwa,Single,Indep,42000,4000
1638,Female,26 - 30,Sabaragamuwa,Single,Indep,41000,4000
1639,Female,26 - 30,Sabaragamuwa,Single,Indep,40000,4000
1640,Female,26 - 30,Sabaragamuwa,Single,Indep,56000,4000
1641,Female,26 - 30,Sabaragamuwa,Single,Indep,55000,4000
1642,Female,26 - 30,Sabaragamuwa,Single,Indep,58000,4000
1643,Female,26 - 30,Sabaragamuwa,Single,Indep,63000,4500
1644,Female,26 - 30,Sabaragamuwa,Single,Indep,67000,5000
1645,Female,26 - 30,Sabaragamuwa,Single,Indep,71000,5000
1646,Female,26 - 30,Sabaragamuwa,Single,Indep,170000,10000
1647,Female,26 - 30,Southern,Single,Indep,45000,3000
1648,Female,26 - 30,Southern,Single,Indep,48000,4000
1649,Female,26 - 30,Southern,Single,Indep,38000,3500
1650,Female,26 - 30,Southern,Single,Indep,67000,4000
1651,Female,26 - 30,Southern,Single,Indep,70000,4000
1652,Female,26 - 30,Southern,Single,Indep,88000,5000
1653,Female,26 - 30,Southern,Single,Indep,75000,4500
1654,Female,26 - 30,Southern,Single,Indep,55000,3500
1655,Female,26 - 30,Southern,Single,Indep,60000,4000
1656,Female,26 - 30,Southern,Single,Indep,110000,5000
1657,Female,26 - 30,Southern,Single,Indep,95000,5000
1658,Female,26 - 30,Central,Single,Indep,55000,4000
1659,Female,26 - 30,Central,Single,Indep,45000,3000
1660,Female,26 - 30,Central,Single,Indep,80000,3500
1661,Female,26 - 30,Central,Single,Indep,65000,3500
1662,Female,26 - 30,Central,Single,Indep,130000,5000
1663,Female,26 - 30,Central,Single,Indep,100000,5000
1664,Female,26 - 30,Central,Single,Indep,75000,1500
1665,Female,26 - 30,Central,Single,Indep,35000,1000
1666,Female,26 - 30,Central,Single,Indep,28000,1000
1667,Female,26 - 30,Central,Single,Indep,45000,1500
1668,Female,26 - 30,Central,Single,Indep,58000,1800
1669,Female,26 - 30,Central,Single,Dependant,0,6000
1670,Female,26 - 30,Central,Single,Dependant,0,10000
1671,Female,26 - 30,Central,Single,Dependant,0,12000
1672,Female,26 - 30,Central,Single,Dependant,0,10000
1673,Female,26 - 30,Western,Single,Indep,62000,4000
1674,Female,26 - 30,Western,Single,Indep,70000,4000
1675,Female,26 - 30,Western,Married,Indep,35000,3500
1676,Female,26 - 30,Western,Married,Indep,40000,4000
1677,Female,26 - 30,Western,Married,Indep,52000,4000
1678,Female,26 - 30,Western,Married,Indep,70000,4000
1679,Female,26 - 30,Western,Married,Indep,80000,5000
1680,Female,26 - 30,Central,Married,Indep,65000,2000
1681,Female,26 - 30,Central,Married,Indep,70000,2500
1682,Female,26 - 30,Central,Married,Indep,38000,2000
1683,Female,26 - 30,Central,Single,Indep,95000,2500
1684,Female,26 - 30,Central,Single,Indep,80000,2500
1685,Female,26 - 30,Western,Single,Indep,120000,10000
1686,Female,26 - 30,Western,Single,Indep,60000,4000
1687,Female,31 - 40,Western,Single,Indep,72000,5000
1688,Female,31 - 40,Nothern,Married,Indep,58000,1500
1689,Female,31 - 40,Nothern,Married,Indep,63000,1500
1690,Female,31 - 40,North Central,Married,Indep,57000,4000
1691,Female,31 - 40,North Central,Married,Indep,63000,5000
1692,Female,31 - 40,North Western,Married,Indep,120000,3000
1693,Female,31 - 40,North Western,Married,Indep,70000,2500
1694,Female,31 - 40,Sabaragamuwa,Married,Indep,65000,4000
1695,Female,31 - 40,Sabaragamuwa,Married,Indep,80000,5000
1696,Female,31 - 40,Sabaragamuwa,Married,Indep,61000,3500
1697,Female,31 - 40,Sabaragamuwa,Married,Indep,75000,4000
1698,Female,31 - 40,Sabaragamuwa,Married,Indep,70000,4000
1699,Female,31 - 40,Western,Married,Indep,38000,3500
1700,Female,31 - 40,Western,Married,Indep,120000,10000
1701,Female,31 - 40,Western,Married,Indep,150000,15000
1702,Female,31 - 40,Western,Married,Indep,180000,15000
1703,Female,31 - 40,Central,Married,Dependant,0,5000
1704,Female,31 - 40,Eastern,Married,Indep,30000,2000
1705,Male,18 - 25,Eastern,Single,Dependant,0,2000
1706,Male,18 - 25,Eastern,Single,Indep,25000,2000
1707,Male,18 - 25,North Central,Single,Indep,15000,1000
1708,Male,18 - 25,North Central,Single,Indep,15000,1500
1709,Male,18 - 25,North Central,Single,Indep,20000,2000
1710,Male,18 - 25,Uva,Single,Indep,20000,0
1711,Male,18 - 25,Uva,Single,Indep,25000,0
1712,Male,18 - 25,Uva,Single,Indep,30000,0
1713,Male,18 - 25,Uva,Single,Indep,30000,0
1714,Male,18 - 25,Sabaragamuwa,Single,Indep,25000,2000
1715,Male,18 - 25,Sabaragamuwa,Single,Indep,27000,2500
1716,Male,18 - 25,Sabaragamuwa,Single,Indep,29000,2500
1717,Male,18 - 25,Sabaragamuwa,Single,Indep,30000,2500
1718,Male,18 - 25,Sabaragamuwa,Single,Indep,32000,2500
1719,Male,18 - 25,Central,Single,Dependant,0,8000
1720,Male,18 - 25,Central,Single,Dependant,0,5000
1721,Male,18 - 25,Nothern,Single,Dependant,0,1000
1722,Male,18 - 25,Nothern,Single,Dependant,0,0
1723,Male,Below 18,Southern,Single,Dependant,0,2000
1724,Male,Below 18,Southern,Single,Dependant,0,2000
1725,Male,Below 18,Southern,Single,Dependant,0,1500
1726,Male,Below 18,Southern,Single,Dependant,0,1000
1727,Male,Below 18,Southern,Single,Dependant,0,1500
1728,Male,Below 18,Southern,Single,Dependant,0,1000
1729,Male,Below 18,Southern,Single,Dependant,0,0
1730,Male,Below 18,Southern,Single,Dependant,0,0
1731,Male,Below 18,Southern,Single,Dependant,0,0
1732,Male,Below 18,Southern,Single,Dependant,0,0
1733,Male,Below 18,Southern,Single,Dependant,0,0
1734,Male,Below 18,Southern,Single,Dependant,0,0
1735,Male,Below 18,Southern,Single,Dependant,0,0
1736,Male,Below 18,Southern,Single,Dependant,0,0
1737,Male,Below 18,Southern,Single,Dependant,0,0
1738,Male,Below 18,Central,Single,Dependant,0,2000
1739,Male,Below 18,Central,Single,Dependant,0,2500
1740,Male,Below 18,Central,Single,Dependant,0,3000
1741,Male,Below 18,Central,Single,Dependant,0,3500
1742,Male,Below 18,Central,Single,Dependant,0,2000
1743,Male,Below 18,Western,Single,Dependant,0,10000
1744,Male,Below 18,Western,Single,Dependant,0,10000
1745,Male,Below 18,Western,Single,Dependant,0,15000
1746,Male,Below 18,Western,Single,Dependant,0,5000
1747,Male,Below 18,Central,Single,Dependant,0,2500
1748,Male,Below 18,Central,Single,Dependant,0,2000
1749,Male,Below 18,Sabaragamuwa,Single,Dependant,0,0
1750,Male,Below 18,Sabaragamuwa,Single,Dependant,0,0
1751,Male,Below 18,Sabaragamuwa,Single,Dependant,0,0
1752,Male,Below 18,Sabaragamuwa,Single,Dependant,0,0
1753,Male,Below 18,Sabaragamuwa,Single,Dependant,0,0
1754,Male,Below 18,Sabaragamuwa,Single,Dependant,0,0
1755,Male,Below 18,Sabaragamuwa,Single,Dependant,0,0
1756,Male,Below 18,Sabaragamuwa,Single,Dependant,0,0
1757,Male,Below 18,Sabaragamuwa,Single,Dependant,0,0
1758,Male,Below 18,Sabaragamuwa,Single,Dependant,0,0
1759,Male,Below 18,Sabaragamuwa,Single,Indep,12000,0
1760,Male,26 - 30,Eastern,Single,Indep,35000,1000
1761,Male,26 - 30,Eastern,Single,Indep,30000,2000
1762,Male,26 - 30,Eastern,Single,Indep,40000,2000
1763,Male,26 - 30,North Central,Single,Indep,38000,1000
1764,Male,26 - 30,North Central,Single,Indep,42000,1000
1765,Male,26 - 30,North Central,Single,Indep,45000,1000
1766,Male,26 - 30,Uva,Single,Indep,45000,0
1767,Male,26 - 30,Uva,Single,Indep,30000,0
1768,Male,26 - 30,Uva,Single,Indep,25000,0
1769,Male,26 - 30,Uva,Single,Indep,35000,0
1770,Male,26 - 30,Uva,Single,Indep,40000,0
1771,Male,26 - 30,North Western,Single,Indep,60000,2500
1772,Male,26 - 30,North Western,Single,Indep,55000,0
1773,Male,26 - 30,North Western,Single,Indep,58000,2000
1774,Male,26 - 30,North Western,Single,Indep,55000,2000
1775,Male,26 - 30,North Western,Single,Indep,45000,2000
1776,Male,26 - 30,North Western,Single,Indep,30000,0
1777,Male,26 - 30,Sabaragamuwa,Single,Indep,42000,3500
1778,Male,26 - 30,Sabaragamuwa,Single,Indep,41000,3500
1779,Male,26 - 30,Sabaragamuwa,Single,Indep,40000,3500
1780,Male,26 - 30,Sabaragamuwa,Single,Indep,56000,3500
1781,Male,26 - 30,Sabaragamuwa,Single,Indep,55000,3500
1782,Male,26 - 30,Sabaragamuwa,Single,Indep,58000,3500
1783,Male,26 - 30,Sabaragamuwa,Single,Indep,63000,4500
1784,Male,26 - 30,Sabaragamuwa,Single,Indep,67000,4500
1785,Male,26 - 30,Sabaragamuwa,Single,Indep,71000,4500
1786,Male,26 - 30,Sabaragamuwa,Single,Indep,70000,4500
1787,Male,26 - 30,Southern,Single,Indep,65000,3500
1788,Male,26 - 30,Southern,Single,Indep,60000,3000
1789,Male,26 - 30,Southern,Single,Indep,150000,6000
1790,Male,26 - 30,Southern,Single,Indep,125000,5000
1791,Male,26 - 30,Southern,Single,Indep,85000,2500
1792,Male,26 - 30,Central,Single,Indep,90000,3500
1793,Male,26 - 30,Central,Single,Indep,95000,3500
1794,Male,26 - 30,Central,Single,Indep,85000,3000
1795,Male,26 - 30,Central,Single,Indep,120000,5000
1796,Male,26 - 30,Central,Single,Indep,100000,6000
1797,Male,26 - 30,Western,Single,Indep,48000,3000
1798,Male,26 - 30,Western,Single,Indep,55000,4000
1799,Male,26 - 30,Western,Single,Indep,65000,4000
1800,Male,26 - 30,Western,Married,Indep,72000,5000
1801,Male,26 - 30,Western,Married,Indep,90000,5000
1802,Male,26 - 30,Central,Single,Indep,45000,2500
1803,Male,26 - 30,Central,Single,Indep,55000,2000
1804,Male,26 - 30,Western,Single,Indep,70000,4000
1805,Male,26 - 30,Western,Single,Indep,90000,5000
1806,Male,18 - 25,Sabaragamuwa,Single,Indep,72000,4500
1807,Male,18 - 25,Sabaragamuwa,Single,Indep,42000,3500
1808,Male,18 - 25,Sabaragamuwa,Single,Indep,41000,3500
1809,Male,18 - 25,Central,Single,Indep,25000,1500
1810,Male,18 - 25,Central,Single,Indep,35000,2000
1811,Male,18 - 25,Central,Single,Indep,42000,2500
1812,Male,18 - 25,Central,Single,Indep,55000,2500
1813,Male,18 - 25,Central,Single,Indep,75000,3000
1814,Male,18 - 25,Western,Single,Indep,20000,3000
1815,Male,18 - 25,Western,Single,Indep,32000,3500
1816,Male,31 - 40,Western,Single,Indep,65000,4000
1817,Male,31 - 40,Western,Single,Indep,80000,5000
1818,Male,31 - 40,Western,Single,Indep,160000,10000
1819,Male,31 - 40,Central,Single,Indep,500000,20000
1820,Male,31 - 40,Central,Single,Indep,110000,5000
1821,Male,31 - 40,Central,Single,Indep,580000,20000
1822,Male,31 - 40,Central,Single,Indep,370000,20000
1823,Male,31 - 40,Western,Single,Indep,250000,15000
1824,Male,31 - 40,Sabaragamuwa,Single,Indep,40000,3500
1825,Male,31 - 40,Sabaragamuwa,Single,Indep,56000,3500
1826,Male,31 - 40,Sabaragamuwa,Single,Indep,55000,3500
1827,Male,31 - 40,Sabaragamuwa,Single,Indep,58000,3500
1828,Male,31 - 40,Sabaragamuwa,Single,Indep,63000,4500
1829,Male,31 - 40,Eastern,Married,Indep,58000,2000
1830,Male,31 - 40,Uva,Married,Indep,67000,3000
1831,Male,31 - 40,Uva,Married,Indep,64000,2000
1832,Male,31 - 40,North Western,Married,Indep,55000,2000
1833,Male,31 - 40,North Western,Married,Indep,50000,2000
1834,Male,31 - 40,North Western,Married,Indep,60000,0
1835,Male,31 - 40,Sabaragamuwa,Married,Indep,58000,4000
1836,Male,31 - 40,Sabaragamuwa,Married,Indep,63000,4000
1837,Male,31 - 40,Sabaragamuwa,Married,Indep,67000,4000
1838,Male,31 - 40,Sabaragamuwa,Married,Indep,71000,4000
1839,Male,31 - 40,Sabaragamuwa,Married,Indep,70000,4000
1840,Male,31 - 40,Sabaragamuwa,Married,Indep,72000,4000
1841,Male,31 - 40,Sabaragamuwa,Married,Indep,72000,4000
1842,Male,31 - 40,Sabaragamuwa,Married,Indep,75000,4000
1843,Male,31 - 40,Sabaragamuwa,Married,Indep,90000,4000
1844,Male,31 - 40,Sabaragamuwa,Married,Indep,85000,3500
1845,Male,31 - 40,Sabaragamuwa,Married,Indep,100000,5000
1846,Male,31 - 40,Sabaragamuwa,Married,Indep,110000,5000
1847,Male,31 - 40,Sabaragamuwa,Married,Indep,63000,4000
1848,Male,31 - 40,Sabaragamuwa,Married,Indep,67000,4000
1849,Male,31 - 40,Sabaragamuwa,Married,Indep,71000,4000
1850,Male,31 - 40,Sabaragamuwa,Married,Indep,70000,4000
1851,Male,31 - 40,Sabaragamuwa,Married,Indep,72000,4000
1852,Male,31 - 40,Sabaragamuwa,Married,Indep,72000,4000
1853,Male,31 - 40,Sabaragamuwa,Married,Indep,72000,4000
1854,Male,31 - 40,Southern,Married,Indep,84000,0
1855,Male,31 - 40,Southern,Married,Indep,76000,0
1856,Male,31 - 40,Southern,Married,Indep,66000,3500
1857,Male,31 - 40,Southern,Married,Indep,97500,3500
1858,Male,31 - 40,Central,Married,Indep,250000,10000
1859,Male,31 - 40,Central,Married,Indep,100000,6000
1860,Male,31 - 40,Central,Married,Indep,200000,10000
1861,Male,31 - 40,Central,Married,Indep,140000,6000
1862,Male,31 - 40,Central,Married,Indep,55000,2500
1863,Male,31 - 40,Central,Married,Indep,67000,3500
1864,Male,31 - 40,Central,Married,Indep,49000,2500
1865,Male,31 - 40,Central,Married,Indep,38000,2000
1866,Male,31 - 40,Central,Married,Indep,90000,3500
1867,Male,31 - 40,Central,Married,Indep,135000,6000
1868,Male,31 - 40,Central,Married,Indep,155000,6000
1869,Male,31 - 40,Central,Married,Indep,39000,2500
1870,Male,31 - 40,Central,Married,Indep,37000,2000
1871,Male,31 - 40,Central,Married,Indep,42000,2500
1872,Male,31 - 40,Central,Married,Indep,71000,2500
1873,Male,31 - 40,Western,Married,Indep,50000,3000
1874,Male,31 - 40,Western,Married,Indep,58000,4000
1875,Male,31 - 40,Western,Married,Indep,60000,4000
1876,Male,31 - 40,Western,Married,Indep,65000,4000
1877,Male,31 - 40,Western,Married,Indep,70000,4000
1878,Male,31 - 40,Western,Married,Indep,75000,5000
1879,Male,31 - 40,Western,Married,Indep,80000,5000
1880,Male,31 - 40,Western,Married,Indep,130000,10000
1881,Male,31 - 40,Western,Married,Indep,120000,10000
1882,Male,31 - 40,Western,Married,Indep,200000,15000
1883,Male,31 - 40,Western,Married,Indep,300000,15000
1884,Male,31 - 40,Central,Married,Indep,450000,10000
1885,Male,31 - 40,Central,Married,Indep,50000,2500
1886,Male,31 - 40,Central,Married,Indep,58000,3000
1887,Male,31 - 40,Central,Married,Indep,60000,3000
1888,Male,31 - 40,Central,Married,Indep,62000,3000
1889,Male,31 - 40,Western,Married,Indep,400000,20000
1890,Male,31 - 40,Western,Married,Indep,320000,15000
1891,Male,31 - 40,Western,Married,Indep,500000,20000
